name,alias,iata,icao,country,active
1-2-go,fly 1-2-go,OG,,Thailand,N
12 North,,12,N12,India,Y
135 Airways,,,GNL,United States,N
1Time Airline,,1T,RNX,South Africa,Y
2 Sqn No 1 Elementary Flying Training School,,,WYT,United Kingdom,N
213 Flight Unit,,,TFU,Russia,N
223 Flight Unit State Airline,,,CHD,Russia,N
224th Flight Unit,,,TTF,Russia,N
247 Jet Ltd,,,TWF,United Kingdom,N
3 Valleys Airlines,,3V,VA3,France,N
3D Aviation,,,SEC,United States,N
40-Mile Air,,Q5,MLA,United States,Y
4D Air,,,QRT,Thailand,N
611897 Alberta Limited,,,THD,Canada,N
84 Squadron Royal Air Force @ RAF Akrotiri,,,AKG,United Kingdom,N
88,,47,VVN,Cyprus,Y
A J Services,,,AJA,United Kingdom,N
A-Safar Air Services,,,SFM,Nigeria,N
A2 Jet Leasing,,,AJJ,United States,N
AASANA,,,XXV,Bolivia,N
Aba Air,,,ABP,Czech Republic,N
Ababeel Aviation,,,BBE,Sudan,N
Abacus International,,1B,,Singapore,Y
Abaet,,,ABJ,Brazil,N
Abakan-Avia,,,ABG,Russia,N
Aban Air,,K5,ABE,Iran,n
Abas,,,MRP,Czech Republic,N
ABC Aerolineas,,,AIJ,Mexico,N
ABC Air Hungary,,,AHU,Hungary,N
ABC Bedarsflug,,,FTY,Austria,N
Abelag Aviation,,W9,AAB,Belgium,N
Abicar,,,ADJ,Ivory Coast,N
Aboitiz Air,,,BOI,Philippines,N
ABSA - Aerolinhas Brasileiras,,M3,TUS,Brazil,Y
Abu Dhabi Amiri Flight,,MO,AUH,United Arab Emirates,Y
ABX Air,,GB,ABX,United States,N
AC Challenge Aero,,,CHG,Ukraine,N
AC Insat-Aero,,,IAE,Russia,N
ACA-Ancargo Air Sociedade de Transporte de Carga Lda,,,NCL,Angola,N
Academy Airlines,,,ACD,United States,N
Access Air,,ZA,CYD,United States,Y
ACEF,,,CFM,Portugal,N
ACES Colombia,,,AES,Colombia,Y
ACM Air Charter,,,BVR,Germany,N
ACM Aviation,,,BJT,United States,N
ACT Havayollari,,,RUN,Turkey,N
Action Air,,,ORS,Italy,N
Action Airlines (Action Air Charter),,,AXQ,United States,N
Active Aero Charter,,,AVR,ACTIVE AERO,N
Acvila Air-Romanian Carrier,,,RRM,Romania,N
AD Aviation,,,VUE,United Kingdom,Y
Ada Air,,ZY,ADE,Albania,Y
Adam Air,,KI,DHI,Indonesia,Y
ADC Airlines,,Z7,ADK,Nigeria,N
Addis Air Cargo Services,,,DSC,Ethiopia,N
Adler Aviation,,,SWH,Canada,N
Adria Airways,,JP,ADR,Slovenia,Y
Advance Air Charters,,,ADV,Canada,N
Advance Aviation Services,,,XTJ,United States,N
Advance Leasing Company,,4G,,United States,N
Advanced Air Co.,,,ADD,Japan,N
Adygeya Airlines,,,RDD,Russia,N
Aegean Airlines,,A3,AEE,Greece,Y
Aer Arann,,RE,REA,Ireland,Y
Aer Lingus,,EI,EIN,Ireland,Y
Aer Turas,,,ATT,Ireland,N
Aerea Flying Training Organization,,,ADG,Spain,N
Aereo Taxi Paraza,,,PZA,Mexico,N
Aereonautica militare,,JY,AXZ,Italy,Y
Aereos Limited,,,FST,United Kingdom,N
Aereotaxis,,,TXI,Mexico,N
AERFI Group,,,AGP,Ireland,N
Aerial Oy,,,ABF,Finland,N
Aerial Surveys (1980) Limited,,,SUY,New Zealand,N
Aerial Transit Company,,,AEZ,United States,N
Aeriantur-M,,,MBV,Moldova,N
Aeris Gestion,,,RIS,Spain,N
Aerlineas Centauro,,,CTR,Mexico,N
Aerlineas Del Oeste,,,AST,Mexico,N
Aerloineas de Techuacan,,,HUC,Mexico,N
Aermarche,,,MMC,Italy,N
Aero 1 Pro-Jet,,,SSM,Canada,N
Aero Africa,,,RFC,Swaziland,N
Aero Air,,,WIL,United States,N
Aero Airline,,,ILK,Kazakhstan,N
Aero Airlines,,EE,EAY,Estonia,N
Aero Albatros,,,ABM,Spain,N
Aero Algarve,,,DSK,Portugal,N
Aero Asia International,,E4,RSO,Pakistan,N
Aero Aviation Centre Ltd.,,,AAD,Canada,N
Aero Banobras,,,BNB,Mexico,N
Aero Barloz,,,BLZ,Mexico,N
Aero Benin,,EM,AEB,Benin,Y
Aero BG,,,BGG,Mexico,N
Aero Biniza,,,BZS,Mexico,N
Aero Brazil,,BZ,BZL,Brazil,N
Aero Business Charter,,,GBJ,Germany,N
Aero Cabo,,,CBV,Mexico,N
Aero Calafia,,,CFV,Mexico,N
Aero California,,JR,SER,Mexico,N
Aero Charter,,,GLT,United States,N
Aero Charter and Transport,,,CTA,United States,N
Aero Charter Krifka,,,KFK,Austria,N
Aero Citro,,,ITO,Mexico,N
Aero Club De Portugal,,,CLP,Portugal,N
Aero Clube Do Algarve,,,CGV,Portugal,N
Aero Coach Aviation,,,DFA,United States,N
Aero Comondu,,,ACO,Mexico,N
Aero Condor Peru,,Q6,CDP,Peru,Y
Aero Continente Dominicana,,,CND,Dominican Republic,N
Aero Contractors,,AJ,NIG,Nigeria,Y
Aero Control Air,,,LFC,Canada,N
Aero Copter,,,PTE,Mexico,N
Aero Costa Taxi Aereo,,,XCT,Mexico,N
Aero Davinci International,,,DVI,Mexico,N
Aero Dynamics,,,ADL,United Kingdom,N
Aero Ejecutivo De Baja California,,,EBC,Mexico,N
Aero Ejecutivos,,,VEJ,Venezuela,N
Aero Ejecutivos RCG,,,ECG,Mexico,N
Aero Empresa Mexicana,,,AFO,Mexico,N
Aero Empresarial,,,EPE,Mexico,N
Aero Entreprise,,,AON,France,N
Aero Ermes,,,EOM,Mexico,N
Aero Express Intercontinental,,,XSS,Mexico,N
Aero Fenix,,,FNX,France,N
Aero Flight,,GV,ARF,Germany,Y
Aero Flight Service,,,AGY,United States,N
Aero Freight,,,FGT,Mexico,N
Aero Gambia,,,AGW,Gambia,N
Aero Gen,,,ROH,Mexico,N
Aero Homex,,,HOM,Mexico,N
Aero Industries Inc,,,WAB,United States,N
Aero International,,,INA,Mexico,N
Aero JBR,,,AJB,Mexico,N
Aero Jet Express,,,AJE,Mexico,N
Aero Jets Corporativos,,,AJP,Mexico,N
Aero Jomacha,,,MHC,Mexico,N
Aero Juarez,,,JUA,Mexico,N
Aero Lanka,,QL,RLN,Sri Lanka,Y
Aero Lider,,,LDR,Mexico,N
Aero Link Air Services S.L.,,,ARK,Spain,N
Aero Lloyd (YP),,YP,AEF,Germany,N
Aero Madrid,,,AEM,Spain,N
Aero McFly,,,MFL,Mexico,N
Aero Modelo,,,DLS,Mexico,N
Aero Mongolia,,M0,MNG,Mongolia,N
Aero Norte,,,NTD,Mexico,N
Aero Nova,,,OVA,Spain,N
Aero Personal,,,PNL,Mexico,N
Aero Premier De Mexico,,,MIE,Mexico,N
Aero Quimmco,,,QUI,Mexico,N
Aero Rent JSC,,,NRO,Russia,N
Aero Renta De Coahuila,,,RCO,Mexico,N
Aero Roca,,,RRC,Mexico,N
Aero Sami,,,SMI,Mexico,N
Aero Services,,,BAS,Barbados,N
Aero Services Executive,,W4,BES,France,N
Aero Servicio Corporativo,,,SRV,Mexico,N
Aero Servicio Pity,,,PTD,Mexico,N
Aero Servicios,,,RVI,Mexico,N
Aero Servicios Azteca,,,TED,Mexico,N
Aero Servicios de Nuevo Laredo,,,NEL,Mexico,N
Aero Servicios Ejecutivas Del Pacifico,,,SEF,Mexico,N
Aero Servicios Ejecutivos Internacionales,,,SII,Mexico,N
Aero Servicios Empresariales,,,EMS,Mexico,N
Aero Servicios Expecializados,,,SVE,Mexico,N
Aero Servicios Platinum,,,PNU,Mexico,N
Aero Servicios Regiomontanos,,,ERI,Mexico,N
Aero Servicios Vanguardia,,,VNG,Mexico,N
Aero Siete,,,ETE,Mexico,N
Aero Silza,,,SIZ,Mexico,N
Aero Slovakia,,,ASO,Slovakia,N
Aero Soga,,,SOG,Guinea-Bissau,N
Aero Sudpacifico,,,SDP,Mexico,N
Aero Survey,,,IKM,Ghana,N
Aero Tanala,,,TON,Mexico,N
Aero Taxi,,,QAT,Canada,N
Aero Taxi Autlan,,,TLD,Mexico,N
Aero Taxi Aviation,,,QKC,United States,N
Aero Taxi de Los Cabos,,,TBO,Mexico,N
Aero Taxi del Centro de Mexico,,,TME,Mexico,N
Aero Taxi del Potosi,,,TPO,Mexico,N
Aero Taxi Los Valles,,,VAD,Spain,N
Aero Taxis Cessna,,,TND,Mexico,N
Aero Taxis Y Servicios Alfe,,,FES,Mexico,N
Aero Toluca Internactional,,,TLU,Mexico,N
Aero Tomza,,,TZA,Mexico,N
Aero Trades (Western) Ltd.,,,ATW,Canada,N
Aero Transporte S.A. (ATSA),,,AMP,Peru,N
Aero Transportes Del Humaya,,,HUY,Mexico,N
Aero Transportes Empresariales,,,EPL,Mexico,N
Aero Tropical,,,TPB,Angola,N
Aero Util,,,TLE,Mexico,N
Aero Vics,,,ARI,Mexico,N
Aero Vilamoura,,,VMR,Portugal,N
Aero VIP,,2D,AOG,Argentina,N
Aero VIP (2D),,2D,,Portugal,Y
Aero Virel,,,VLS,Mexico,N
Aero Vision,,,AOV,France,N
Aero Vodochody,,,AOD,Czech Republic,N
Aero Yaqui Mayo,,,MYS,Mexico,N
Aero Zambia,,,RZL,Zambia,N
Aero Zano,,,RZN,Mexico,N
Aero-Charter Ukraine,,DW,UCR,Ukraine,N
Aero-Kamov,,,MSV,Russia,N
Aero-North Aviation Services,,,SKP,Canada,N
Aero-Pyrenees,,,EAP,France,N
Aero-Rent,,,REN,Mexico,N
Aero-Rey,,,REY,Mexico,N
Aero-Service,,BF,RSR,Republic of the Congo,Y
Aero-Tropics Air Services,,HC,ATI,Australia,N
Aeroalas Colombia,,,ALE,Colombia,N
Aeroatlantico Colombia,,,AOK,Colombia,N
Aeroatlas,,,AQA,ATCO,N
Aerobanana,,,OBA,Mexico,N
Aerobona,,,BOC,Mexico,N
Aerobusinessservice,,,LSM,Russia,N
Aerocardal,,,CDA,Chile,N
Aerocenter,,,ACR,AEROCENTER,N
Aerocentral,,,ATL,Mexico,N
Aerocer,,,RCE,Mexico,N
Aerocesar,,,AEC,AEROCESAR,N
Aerochago Airlines,,,AHG,Dominican Republic,N
Aerocharter,,,MRM,Canada,N
Aerocheyenne,,,CYE,Mexico,N
Aerochiapas,,,AHP,Mexico,N
Aeroclub Flaps,,,FLP,Spain,N
Aerocon,,,AEK,Bolivia,N
Aerocondor,,2B,ARD,Portugal,Y
Aerocontinente (Priv),,N6,,Peru,N
Aerocorp,,,ORP,Mexico,N
Aerocozumel,,,AZM,Mexico,N
Aerocuahonte,,,CUO,Mexico,N
Aerodan,,,ROD,Mexico,N
Aerodata Flight Inspection,,,FII,Germany,N
Aerodespachos De El Salvador,,,DNA,El Salvador,N
Aerodienst GmbH,,,ADN,Germany,N
Aerodin,,,DIN,Mexico,N
Aerodinamica de Monterrey,,,DMC,Mexico,N
Aerodiplomatic,,,ADP,Mexico,N
Aerodromo De La Mancha,,,MAM,Spain,N
Aerodynamics Incorporated,,,DNJ,United States,N
Aerodyne,,,ADY,United States,N
Aerodyne Charter Company,,,AQZ,United States,N
Aeroejecutiva Nieto,,,NIE,Mexico,N
Aeroejecutivo,,,AJO,Mexico,N
Aeroejecutivos Colombia,,,AJS,Colombia,N
Aeroel Airways,,,ROL,Israel,N
Aeroenlaces Nacionales,,,AEN,Mexico,N
Aeroeste,,,ROE,Bolivia,N
Aeroexpreso Interamericano,,,AEI,Colombia,N
Aerofan,,,CFF,Spain,N
Aeroferinco,,,FEO,Mexico,N
Aeroflot Russian Airlines,,SU,AFL,Russia,Y
Aeroflot-Cargo,,,RCF,Russia,N
Aeroflot-Don,,D9,DNV,Russia,Y
Aeroflot-Nord,,5N,AUL,Russia,Y
Aeroflota Del Noroeste,,,FNO,Spain,N
Aerofreight Airlines,,,FRT,Russia,N
Aerofrisco,,,FCO,Mexico,N
Aerofumigaciones Sam,,,AEG,Chile,N
Aerogala,,,AGQ,Chile,N
Aerogaucho,,,GAU,Uruguay,N
Aerogem Cargo,,,GCK,Ghana,N
Aerogisa,,,OGI,Mexico,N
Aerogroup 98 Limited,,,RWY,United Kingdom,N
Aerohein,,,HEI,Chile,N
Aeroingenieria,,,ING,Chile,N
Aeroitalia,,,ROO,Italy,N
Aerojal,,,JAD,Mexico,N
Aerojet de Costa Rica,,,ARJ,,N
Aerojobeni,,,JOB,Mexico,N
Aerokaluz,,,KLZ,Mexico,N
Aerokuzbass,,,NKZ,Russia,N
Aerol,,,ANQ,Colombia,N
Aerolaguna,,,LGN,Mexico,N
Aeroland Airways,,3S,,Greece,N
Aerolane,,XL,LNE,Ecuador,Y
Aerolift Company,,,LFT,Sierra Leone,N
Aerolima,,,LMA,Mexico,N
Aeroline GmbH,,7E,AWU,Germany,Y
Aerolinea Muri,,,MUR,Mexico,N
Aerolineas Aereas Ejecutivas De Durango,,,LDG,Mexico,N
Aerolineas Africanas,,,AA1,Guinea,Y
Aerolineas Amanecer,,,MNE,Mexico,N
Aerolineas Argentinas,,AR,ARG,Argentina,Y
Aerolineas Bonanza,,,BNZ,Mexico,N
Aerolineas Chihuahua,,,PFI,Mexico,N
Aerolineas Comerciales,,,ECM,Mexico,N
Aerolineas De El Salvador,,,SZA,El Salvador,N
Aerolineas De Morelia,,,MOR,Mexico,N
Aerolineas Del Pacifico,,,RPC,Ecuador,N
Aerolineas Del Sur,,,DLU,Chile,N
Aerolineas Del Sureste,,,SUE,Mexico,N
Aerolineas Dominicanas,,,ADM,Dominican Republic,N
Aerolineas Ejecutivas,,,LET,Mexico,N
Aerolineas Ejecutivas Del Sureste,,,ESU,Mexico,N
Aerolineas Ejecutivas Tarascas,,,RSC,Mexico,N
Aerolineas Galapagos (Aerogal),,2K,GLG,Ecuador,Y
Aerolineas heredas santa maria,,,SZB,Dominican Republic,Y
Aerolineas Internacionales,,,LNT,Mexico,N
Aerolineas Marcos,,,MCO,Mexico,N
Aerolineas Medellin,,,AMD,Colombia,N
Aerolineas Mexicanas J S,,,LMX,Mexico,N
Aerolineas Nacionales Del Ecuador,,,EDA,Ecuador,N
Aerolineas Olve,,,OLV,Mexico,N
Aerolineas Pacifico Atlantico,,,APP,AEROPERLAS,N
Aerolineas Regionales,,,RCQ,Mexico,N
Aerolineas Sol,,,SOD,Mexico,N
Aerolineas Sosa,,,NSO,Honduras,N
Aerolineas Turisticas del Caribe,,,TTB,Mexico,N
Aerolineas Uruguayas,,,AUY,AUSA,N
Aerolineas Villaverde,,,VLR,Mexico,N
Aerolitoral,,5D,SLI,Mexico,Y
Aerologic,,,LDL,Russia,N
Aeromaan,,,ERM,Mexico,N
Aeromagar,,,MGS,Mexico,N
Aeromar,,BQ,ROM,Dominican Republic,N
Aeromarket Express,,,ARM,Spain,N
Aeromas,,,MSM,Uruguay,N
Aeromax,,,AXP,Spain,N
Aeromedica,,,DIC,Mexico,N
Aeromedicare Ltd.,,,AMQ,United Kingdom,N
Aeromega,,,OMG,United Kingdom,N
Aeromet Linea Aerea,,,MTE,Chile,N
Aeromet Servicios,,,ARS,Chile,N
Aeromexhaga,,,AXH,Mexico,N
Aeromexpress,,QO,MPX,Mexico,N
Aeromilenio,,,MNI,Mexico,N
Aeromist-Kharkiv,,HT,AHW,Ukraine,N
Aeromorelos,,,MRL,Mexico,N
Aeromover,,,OVE,Mexico,N
Aeromundo Ejecutivo,,,MUN,Mexico,N
AeroMéxico,,AM,AMX,Mexico,Y
Aeron International Airlines,,,AXI,AIR FREIGHTER,N
Aeronautica,,,GGL,Angola,N
Aeronautica Castellana,,,ECL,Spain,N
Aeronautica Le Esperanza,,,ESZ,Mexico,N
Aeronautica Militare,,,IAM,Italy,Y
Aeronautical Academy of Europe,,,EVR,Portugal,N
Aeronautical Radio Inc,,,XAA,United States,N
Aeronautical Radio of Thailand,,,AET,Thailand,N
Aeronaves Del Centro,,,AGA,Venezuela,N
Aeronaves Del Noreste,,,DRO,Mexico,N
Aeronaves Del Noroeste,,,ENW,Spain,N
Aeronaves TSM,,,VTM,Mexico,N
Aeronavigaciya,,,KTN,Ukraine,N
Aeronem Air Cargo,,,RNM,Ecuador,N
Aeroni,,,NID,Mexico,N
Aeronor,,,GCF,Spain,N
Aeronord-Grup,,,NRP,Moldova,N
Aeronorte,,,RTE,Portugal,Y
Aeropac,,,STK,United States,N
Aeropelican Air Services,,OT,PEL,Australia,Y
Aeroper,,PL,PLI,Peru,Y
Aeropiloto,,,AOP,Portugal,N
Aeropostal Cargo de Mexico,,,PCG,Mexico,N
Aeropro,,,APO,Canada,N
Aeropublicitaria De Angola,,,MOP,Angola,N
Aeropuelche,,,PUE,Chile,N
Aeropuma,,,APU,AEROPUMA,N
Aeroput,,,PUT,Serbia,N
Aeroputul International Marculesti,,,AMM,Moldova,N
Aeropycsa,,,PYC,Mexico,N
AeroRep,,P5,RPB,Colombia,Y
Aerosaab,,,SBH,Mexico,N
Aerosaba,,,ESB,Mexico,N
Aerosafin,,,FIC,Mexico,N
Aerosan,,,OSN,Mexico,N
Aerosec,,,ERK,Chile,N
Aerosegovia,,,SGV,Nicaragua,N
Aeroserivios Del Bajio,,,RBJ,Mexico,N
Aeroservices Corporate,,,CJE,France,N
Aeroservicio Sipse,,,PSE,Mexico,N
Aeroservicios California Pacifico,,,PIF,Mexico,N
Aeroservicios Corporativos De San Luis,,,PSL,Mexico,N
Aeroservicios de La Costa,,,TAA,Mexico,N
Aeroservicios De Nuevo Leon,,,NUL,Mexico,N
Aeroservicios De San Luis,,,SUO,Mexico,N
Aeroservicios Dinamicos,,,DMI,Mexico,N
Aeroservicios Ecuatorianos,,,EAE,Ecuador,N
Aeroservicios Ejecutivos Corporativos,,,EJP,Mexico,N
Aeroservicios Ejecutivos Del Occidente,,,AEO,Mexico,N
Aeroservicios Ejecutivos Del Pacifico,,,SPO,Mexico,N
Aeroservicios Gama,,,GMS,Mexico,N
Aeroservicios Intergrados de Norte,,,INO,Mexico,N
Aeroservicios Jet,,,RJS,Mexico,N
Aeroservicios Monterrey,,,SVM,Mexico,N
Aerosiyusa,,,SIY,Mexico,N
Aerosmith Aviation,,,JPR,United States,N
Aerostar Airlines,,,UAR,Ukraine,N
AeroSucre,,,KRE,Colombia,N
Aerosud Aviation,,,SYT,South Africa,N
Aerosud Charter,,,MDX,South Africa,N
Aerosun International,,,ASI,AEROSUN,N
Aerosuper,,,SUP,Mexico,N
Aerosur,,5L,RSU,Bolivia,Y
Aerosvit Airlines,,VV,AEW,Ukraine,Y
AeroTACA,,,ATK,Colombia,N
Aerotal Aerolineas Territoriales de Colombia Ltda,,,ART,Colombia,N
Aerotaxi,,,ITE,Czech Republic,N
Aerotaxi del Cabo,,,CBO,Mexico,N
Aerotaxi Del Valle,,,AOX,Colombia,N
Aerotaxi Grupo Tampico,,,GTP,Mexico,N
Aerotaxi Mexicano,,,MXO,Mexico,N
Aerotaxi Villa Rica,,,VRI,Mexico,N
Aerotaxis Albatros,,,BTS,Mexico,N
Aerotaxis Alfe,,,TXF,Mexico,N
Aerotaxis Cimarron,,,IMN,Mexico,N
Aerotaxis de Aguascalientes,,,GUA,Mexico,N
Aerotaxis De La Bahia,,,BHC,Mexico,N
Aerotaxis del Noroeste,,,TXD,Mexico,N
Aerotaxis Dosmil,,,DML,Mexico,N
Aerotaxis Guamuchil,,,GMM,Mexico,N
Aerotaxis Latinoamericanos,,,LTI,Mexico,N
Aerotaxis Metropolitanos,,,MTB,Mexico,N
Aerotec,,,AEP,Spain,N
Aerotours Dominicana,,,ATD,Dominican Republic,N
Aerotrans,,,CDU,Russia,N
Aerotrans Airline,,,ATG,Kazakhstan,N
Aerotrans Airlines,,,AED,Russia,N
Aerotranscolombina de Carga,,,TCO,Colombia,N
Aerotransporte de Carga Union,,,TNO,Mexico,N
Aerotransporte Petrolero,,,PET,Colombia,N
Aerotransportes Corporativos,,,CRP,Mexico,N
Aerotransportes Huitzilin,,,HUT,Mexico,N
Aerotransportes Internacionales De Torreon,,,RRE,Mexico,N
Aerotransportes Privados,,,PRI,Mexico,N
Aerotransportes Rafilher,,,RFD,Mexico,N
Aerotrebol,,,TBL,Mexico,N
Aerotropical,,,TOC,Mexico,N
Aerotucan,,,RTU,Mexico,N
Aerotur-Air,,,RAI,Kazakhstan,N
Aeroturquesa,,,TQS,Mexico,N
Aerovallarta,,,ALL,Mexico,N
Aerovaradero,,,AVY,AEROVARADERO,N
Aerovega,,,VEG,Mexico,N
Aeroventas,,,AEV,Mexico,N
Aerovias Bueno,,,ABU,Colombia,N
Aerovias Caribe,,,CBE,Mexico,N
Aerovias Castillo,,,CLL,Mexico,N
Aerovias DAP,,,DAP,Chile,N
Aerovias De Lagos,,,LAG,Mexico,N
Aerovias del Golfo,,,GFO,Mexico,N
Aerovias Ejecutivas,,,OVI,Mexico,N
Aerovias Montes Azules,,,MZL,Mexico,N
Aerovic,,,OVC,Ecuador,N
Aerovilla,,,VVG,Colombia,N
Aerovis Airlines,,,VIZ,Ukraine,N
Aerovista Airlines,,,AAP,United Arab Emirates,N
Aerovista Gulf Express,,,VGF,United Arab Emirates,N
Aerovitro,,,VRO,Mexico,N
Aerovuelox,,,VUO,Mexico,N
Aeroway,,,AWY,AEROWEE,N
AeroWorld,Sovet Air,W4,WER,Russia,Y
Aeroxtra,,,RXT,Mexico,N
Aeroynamics Malaga,,,DNC,Spain,N
Aex Air,,,DST,United States,N
AF-Air International,,,FAN,Angola,N
Afit,,,KIE,Germany,N
Afra Airlines,,,UAG,Ghana,N
Afric'air Express,,,AAX,Ivory Coast,N
Africa Air Links,,,AFK,Sierra Leone,N
Africa Airlines,,,GIZ,Guinea,N
Africa Chartered Services,,,AFY,Nigeria,N
Africa Freight Services,,,AFZ,Zambia,N
Africa One,,,AZL,Zambia,N
Africa West,,FK,WTA,Togo,Y
Africair Service,,,FFB,Senegal,N
African Airlines,,,FDA,Mali,N
African Airlines International Limited,,,AIK,Kenya,N
African Business and Transportations,,,ABB,Democratic Republic of the Congo,N
African Company Airlines,,,FPY,Democratic Republic of the Congo,N
African Express Airways,,,AXK,Kenya,N
African International Airways,,,AIN,Swaziland,N
African International Transport,,,GIL,Guinea,N
African Medical and Research Foundation,,,FDS,Kenya,N
African Safari Airways,,QS,QSC,Kenya,N
African Star Airways (PTY) Ltd.,,,ASG,South Africa,N
African Transport Trading and Investment Company,,ML,,Sudan,N
African West Air,,,AFC,Senegal,N
Africaone,,,AFI,Uganda,N
Afrijet Airlines,,,FRJ,Nigeria,N
Afrika Aviation Handlers,,,FRK,Kenya,N
Afrinat International Airlines,,Q9,AFU,Gambia,N
Afriqiyah Airways,,8U,AAW,Libya,Y
Afrique CArgo Service Senegal,,,NFS,Senegal,N
Afrique Chart'air,,,FRQ,Cameroon,N
Afrique Regional Airways,,,AFW,Ivory Coast,N
Afro International Ent. Limited,,,AOR,Nigeria,N
Agence Nationale des Aerodromes et de la Meteorologie,,,ZZM,Ivory Coast,N
Agroar - Trabalhos Aereos,,,GRR,Portugal,N
Agrocentr-Avia,,,GSV,Kazakhstan,N
Agrolet-Mci,,,AGZ,Slovakia,N
Aguilar Connect,,3X,GUI,Chile,N
Aguilas Mayas Internacional,,,GME,Guatemala,N
Aigle Azur,,ZI,AAF,France,Y
Air 26,,,DCD,Angola,Y
Air 500,,,BRM,Canada,N
Air Ada,,,RDM,Mauritania,N
Air Adriatic,,,AHR,Croatia,N
Air Affaires Tchad,,,FTC,Chad,N
Air Afrique,,RK,RKA,Ivory Coast,Y
Air Afrique Vacancies,,,AFV,Ivory Coast,N
Air Alfa,,,LFA,Turkey,Y
Air Algerie,,AH,DAH,Algeria,Y
Air Alize,,,RLZ,France,N
Air ALM,,,ALM,Netherlands Antilles,N
Air Alma,,,AAJ,Canada,N
Air Almaty,,,LMY,Kazakhstan,N
Air Almaty ZK,,,LMZ,Kazakhstan,N
Air Alpha,,,DBA,United States,N
Air Alpha Greenland,,GD,AHA,Denmark,N
Air Alps Aviation,,A6,LPV,Austria,N
Air Alps Aviation (A6),,A6,,Austria,Y
Air Alsie,,,MMD,Denmark,N
Air Ambar,,,AMY,Dominican Republic,N
Air Amder,,,RMD,Mauritania,N
Air Anastasia,,,RUD,Ukraine,N
Air Anatolia,,,NTL,Turkey,N
Air and Sea Transport,,,ASN,Russia,N
Air Andaman,,,ADW,Thailand,N
Air Andaman (2Y),,2Y,AOW,Thailand,N
Air Antilles Express,,3S,,Guadeloupe,Y
Air Arabia,,G9,ABY,United Arab Emirates,Y
Air Arabia Egypt,,E5,RBG,Egypt,Y
Air Arabia Maroc,,3O,,Morocco,Y
Air Archipels,,,RHL,France,N
Air Armenia,,QN,ARR,Armenia,N
Air Astana,,KC,KZR,Kazakhstan,Y
Air Atlanta Europe,,,EUK,United Kingdom,N
Air Atlanta Icelandic,,CC,ABD,Iceland,Y
Air Atlantic,,9A,,Canada,N
Air Atlantic (Nig) Limited,,,ANI,Nigeria,N
Air Atlantic Dominicana,,,ADC,Dominican Republic,N
Air Atlantic Uruguay,,,AUM,Uruguay,N
Air Atlantique,,KI,AAG,United Kingdom,N
Air Atonabee,,,OUL,Canada,N
Air Aurora,,,AAI,United States,N
Air Austral,,UU,REU,France,Y
Air Baffin,,,BFF,Canada,N
Air Bagan,,W9,JAB,Myanmar,Y
Air Baltic,,BT,BTI,Latvia,Y
Air Ban,,,LZP,Bulgaria,N
Air Bandama,,,BDM,Ivory Coast,N
Air Bangladesh,,B9,BGD,Bangladesh,Y
Air Bashkortostan,,,BBT,Russia,N
Air Batumi,,,BTM,Georgia,Y
Air BC,,,ABL,Canada,N
Air Berlin,,AB,BER,Germany,Y
Air Bosna,,JA,BON,Bosnia and Herzegovina,Y
Air Botswana,,BP,BOT,Botswana,Y
Air Bourbon,,ZB,BUB,Reunion,Y
Air Brasd'or,,,BRL,Canada,N
Air Bravo,,,BRF,Uganda,N
Air Brousse,,,ABT,Canada,N
Air Bucharest,,,BUR,Romania,Y
Air Burkina,,2J,VBW,Burkina Faso,Y
Air Burundi,,8Y,PBU,Burundi,N
Air Busan,,BX,ABL,Republic of Korea,Y
Air Cairo,,,MSC,Egypt,N
Air Cal,,TY,TPC,France,N
Air Caledonia,,,ACM,Canada,N
Air Caledonie International,,SB,ACI,France,Y
Air Canada,,AC,ACA,Canada,Y
Air Canada Jazz,,QK,JZA,Canada,Y
Air Cape,,KP,,South Africa,N
Air Caraibes Atlantique,,,CAJ,France,N
Air Caraïbes,,TX,FWI,France,Y
Air Care Alliance,,,CMF,United States,N
Air Cargo America,,,MVM,United States,N
Air Cargo Belize,,,CGB,Belize,N
Air Cargo Carriers,,2Q,SNC,United States,Y
Air Cargo Center,,,GRI,Sao Tome and Principe,N
Air Cargo Express,,,TDG,United States,N
Air Cargo Express International,,,PFT,United States,N
Air Cargo Germany,,6U,,Germany,Y
Air Cargo Masters,,,RNR,United States,N
Air Cargo Transportation System,,,ACU,Kenya,N
Air Carnival,,2S,,India,Y
Air Carriers,,,FCI,United States,N
Air Cassai,,,RCI,Angola,N
Air Castle Corporation / Global Airways,,,GLB,United States,N
Air Center Helicopters,,,RAP,United States,N
Air Central,,NV,CRF,Japan,N
Air Century,,,CEY,Dominican Republic,Y
Air Cess,,,ACS,Liberia,N
Air Charter International,,SF,,France,N
Air Charter Professionals,,,CHV,United States,N
Air Charter Service,,,ACV,United Kingdom,N
Air Charter Services,,,CHR,Democratic Republic of the Congo,N
Air Charter World,,,XAC,United States,N
Air Charters,,,ACX,Canada,N
Air Charters Eelde,,,RCC,Netherlands,N
Air Chathams,,CV,CVA,New Zealand,Y
Air China,,CA,CCA,China,Y
Air China Cargo,,,CAO,China,N
Air Choice One,,3E,,United States,Y
Air City,,4F,ECE,Germany,N
Air Class,,,ASS,AIR CLASS,N
Air Class Lineas Aereas,,QD,QCL,Uruguay,N
Air Columbus,,,CBS,Ukraine,N
Air Comet Chile,,3I,,Chile,Y
Air Comores International,,GG,HAH,Comoros,N
Air Concorde,,,KGD,Bulgaria,N
Air Consul,,,CNU,Spain,N
Air Continental Inc,,,NAR,United States,N
Air Contractors,,AG,ABR,Ireland,N
Air Corporate,,,CPV,Italy,N
Air Corridor,,QC,CRD,Mozambique,N
Air Costa,,LB,,India,Y
Air Creebec,,,CRQ,Canada,N
Air Cruzal,,,CRJ,Angola,N
Air Cudlua,Air Cudlua,,CUD,United Kingdom,Y
Air D'Ayiti,,H9,HAD,Haiti,N
Air Data,,,AFS,United Kingdom,N
Air Division of the Eastern Kazakhstan Region,,,UCK,Kazakhstan,N
Air Djibouti,,,DJU,Djibouti,N
Air Dolomiti,,EN,DLA,Italy,Y
Air Dorval,,,ADT,Canada,N
Air Engiadina-BRN,Air Engiadina-BRN,,RQX,Switzerland,N
Air Este,,,EET,Spain,N
Air Europa,,UX,AEA,Spain,Y
Air Europe,,PE,AEL,Italy,Y
Air Evans,,,VAE,Spain,N
Air Evex,,,EVE,Germany,N
Air Excel,,,XLL,Tanzania,N
Air Exchange,,,EXG,United States,N
Air Executive,,,IVE,Spain,N
Air Executive Charter,,,XEC,Germany,N
Air Exel,,XT,AXL,Netherlands,Y
Air Explore,,,AXE,Slovakia,Y
Air Express,,,AEJ,Tanzania,N
Air Falcon,,,AVG,Djibouti,N
Air Fecteau,,,AFH,Canada,N
Air Fiji,,PC,FAJ,Fiji,N
Air Finland,,OF,FIF,Finland,Y
Air Florida,,QH,FLZ,United States,Y
Air Foyle,,GS,UPA,United Kingdom,Y
Air France,,AF,AFR,France,Y
Air Fret De Mauritanie,,,FMT,Mauritania,N
Air Fret Senegal,,,ABN,Senegal,N
Air Gabon,,GN,AGN,Gabon,N
Air Gemini,,,GLL,Angola,N
Air Georgia,,DA,GRG,Georgia,N
Air Georgian,,ZX,GGN,Canada,N
Air Ghana,,,GHN,Ghana,N
Air Glaciers,,7T,AGV,Switzerland,Y
Air Great Wall,,,CGW,China,N
Air Greenland,,GL,GRL,Denmark,Y
Air Guam,,,AGM,United States,N
Air Guinee Express,,2U,GIP,Guinea,Y
Air Guyane,,GG,GUY,French Guiana,Y
Air Haiti,,,HJA,Haiti,N
Air Hamburg (AHO),,HH,AHO,Germany,Y
Air Hong Kong,,LD,AHK,Hong Kong,N
Air Horizon,,8C,HZT,Togo,N
Air Iceland,,NY,FXI,Iceland,Y
Air Illinois,,,AIL,United States,N
Air India Express,,IX,AXB,India,Y
Air India Limited,,AI,AIC,India,Y
Air India Regional,,CD,,India,Y
AIR INDOCHINE,,,IIA,Vietnam,Y
Air Indus,Indus Airlines Pak,PP,AI0,Pakistan,Y
Air Integra,,,AII,Canada,N
Air Inter Cameroun,,,ICM,Cameroon,N
Air Inter Gabon,,,AIG,Gabon,N
Air Inter Ivoire,,,NTV,Ivory Coast,N
Air Intersalonika,,,NSK,Greece,N
Air Inuit,,,AIE,Canada,N
Air Italy,,I9,AEY,Italy,Y
Air Italy Egypt,,,EUD,Egypt,Y
Air ITM,,,MQT,France,N
Air Ivoire,,VU,VUN,Ivory Coast,Y
Air Jamahiriya Company,,,LJA,Libya,N
Air Jamaica,,JM,AJM,Jamaica,Y
Air Jamaica Express,,,JMX,Jamaica,N
Air Japan,,NQ,AJX,Japan,Y
Air Jetsul,,,AJU,Portugal,N
Air Kazakhstan,,9Y,KZK,Kazakhstan,Y
Air KBZ,,,KBZ,Burma,Y
Air Kenya (Priv),,QP,,Kenya,Y
Air Kiribati,,4A,AKL,Kiribati,Y
Air Kirovograd,,,KAD,Ukraine,N
Air Kissari,,,KSI,Angola,N
Air Klaipeda,,,KLD,Lithuania,N
Air Kokshetau,,,KRT,Kazakhstan,N
Air Korea Co. Ltd.,,,AKA,Republic of Korea,Y
Air Koryo,,JS,KOR,Democratic People's Republic of Korea,Y
Air Kraft Mir,,,KFT,Uzbekistan,N
Air Kufra,,,KAV,Libya,N
Air LA,,,UED,United States,N
Air Lazur,,,LZR,Bulgaria,N
Air Leone,,,RLL,Sierra Leone,N
Air Libert,,VD,,France,Y
Air Libya Tibesti,,,TLR,Libya,N
Air Lift,,,IFI,Greece,N
Air Lincoln,,,ALN,United States,N
Air Lithuania,,TT,KLA,Lithuania,N
Air Lituanica,Air Lituanica,LT,LTU,Lithuania,Y
Air Livonia,,,LIV,Estonia,N
Air Logistics,,,ALG,United States,N
Air Luxor,,LK,LXR,Portugal,Y
Air Luxor GB,,L8,LXG,Guinea-Bissau,N
Air Luxor STP,,,ALU,Sao Tome and Principe,N
Air Macau,,NX,AMU,Macao,Y
Air Mach,,,KAM,Italy,N
Air Madagascar,,MD,MDG,Madagascar,Y
Air Madeleine,,,MLN,Canada,N
Air Madrid,,NM,DRD,Spain,Y
Air Majoro,,,MJP,Peru,Y
Air Malawi,,QM,AML,Malawi,Y
Air Maldives,,,AMI,Maldives,N
Air Mali,,,MLI,Mali,N
Air Mali International,,,KLB,Mali,N
Air Malta,,KM,AMC,Malta,Y
Air Mana,,,EFC,France,N
Air Manas,,,MBB,Kyrgyzstan,N
Air Mandalay,,6T,,Burma,Y
Air Marrakech Service,,,MKH,Morocco,N
Air Marshall Islands,,CW,CWM,Marshall Islands,Y
Air Mauritanie,,MR,MRT,Mauritania,N
Air Mauritius,,MK,MAU,Mauritius,Y
Air Max,,,RMX,Bulgaria,N
Air Max Africa,,,AZX,Gabon,N
Air Medical,,,MCD,United Kingdom,N
Air Mediterranee,,DR,BIE,France,Y
Air Mekong,,P8,MKG,Vietnam,Y
Air Memphis,,,MHS,Egypt,N
Air Mercia,,,MCB,United Kingdom,N
Air Meridan,,,MEF,Nigeria,N
Air Metack,,,MTK,Angola,N
Air Midwest,,ZV,AMW,United States,N
Air Minas Linhas A,,,AMG,Brazil,N
Air Mobility Command,,MC,RCH,United States,N
Air Moldova,,9U,MLD,Moldova,Y
Air Monarch Cargo,,,MOC,Mexico,N
Air Montegomery,,,MTY,United Kingdom,N
Air Montenegro,,,AMN,Montenegro,N
Air Montreal (Air Holdings Inc.),,,AMO,Canada,N
Air Moorea,,,TAH,France,Y
Air Mozambique,,TM,,Mozambique,Y
Air Muskoka,,,AMS,Canada,N
Air Namibia,,SW,NMB,Namibia,Y
Air Napier,,,NPR,New Zealand,N
Air Navigation And Trading Co. Ltd.,,,ANB,United Kingdom,N
Air Nelson,,,RLK,New Zealand,N
Air Nepal International,,,NPL,Nepal,N
Air Net Private Charter,,,WDR,United States,N
Air Nevada,,,ANV,United States,N
Air New Zealand,,NZ,ANZ,New Zealand,Y
Air Newark,,,NER,United States,N
Air Next,,,NXA,Japan,N
Air Niagara Express,,,DBD,Canada,N
Air Niamey,,,AWN,Niger,N
Air Nigeria,,,NGP,Nigeria,N
Air Nippon,,EL,ANK,Japan,Y
Air Nippon Network Co. Ltd.,,EH,AKX,Japan,N
Air Niugini,,PX,ANG,Papua New Guinea,Y
Air North Charter - Canada,,4N,ANT,Canada,Y
Air Nostrum,,YW,ANE,Spain,Y
Air Nova,,,HMT,Canada,N
Air One,,AP,ADH,Italy,Y
Air One Cityliner,,,CYL,Italy,N
Air One Executive,,,AOE,Italy,N
Air One Nine,,,ONR,Libya,N
Air Ontario,,,ONT,Canada,N
Air Ops,,CR,,Sweden,N
Air Pacific,,FJ,FJI,Fiji,Y
Air Pack Express,,,PCK,Spain,N
Air Pal,,,PLL,Spain,N
Air Palace,,,PCS,Mexico,N
Air Parabet,,,PBT,Bangladesh,N
Air Paradise International,,AD,PRZ,Indonesia,N
Air Park Aviation Ltd.,,,APA,Canada,N
Air Partner,,,ACG,United Kingdom,N
Air Pegasus,,OP,PPL,India,Y
Air People International,,,APG,Thailand,N
Air Philippines,,2P,GAP,Philippines,Y
Air Plan International,,,APV,Democratic Republic of the Congo,N
Air Plus Argentina,,,LMP,Argentina,N
Air Plus Comet,,A7,MPD,Spain,Y
Air Print,,,APJ,AIR PRINT,N
Air Pullmantur,,,PLM,Spain,N
Air Queensland,,,AQN,Australia,N
Air Rarotonga,,GZ,RAR,Cook Islands,Y
Air Resorts,,,ARZ,United States,N
Air Roberval,,,RBV,Canada,N
Air Routing International Corp.,,,ARC,United States,N
Air Rum,,,RUM,Sierra Leone,N
Air S,,KY,EQL,Air S,N
Air Safaris and Services,,,SRI,New Zealand,N
Air Sahara,,S2,RSH,India,Y
Air Saigon,,,SGA,Vietnam,N
Air Saint Louis,,,LOU,Senegal,N
Air Saint Pierre,,PJ,SPM,France,Y
Air Salone,,2O,,Sierra Leone,Y
Air Samarkand,,,SND,Uzbekistan,N
Air San Juan,,,SJN,United States,N
Air Sandy,,,SNY,Canada,N
Air Santo Domingo,,EX,SDO,Dominican Republic,N
Air Satellite,,,ASJ,Canada,N
Air Schefferville,,,ASF,SCHEFF,N
Air Scorpio,,,SCU,Bulgaria,N
Air Scotland,,,GRE,Greece,N
Air Senegal International,,V7,SNG,Senegal,N
Air Serbia,,JU,ASL,Serbia,Y
Air Service,,M3,SPJ,Macedonia,N
Air Service Center,,,RCX,Italy,N
Air Service Gabon,,G8,AGB,Gabon,N
Air Service Groningen,,,DEG,Netherlands,N
Air Seychelles,,HM,SEY,Seychelles,Y
Air Sicilia,,BM,,Italy,Y
Air Sinai,,4D,ASD,Egypt,Y
Air Slovakia,,GM,SVK,Slovakia,N
Air Sofia,,,SFB,Bulgaria,N
Air Soleil,,,SOE,Mauritania,N
Air Solutions,,,LKY,United States,N
Air Somalia,,,RSM,Somali Republic,N
Air Sorel,,,WHY,Canada,N
Air South,,,KKB,United States,N
Air South West,,,PIE,United Kingdom,N
Air Southwest,,,WOW,United Kingdom,Y
Air Southwest Ltd.,,,ASW,Canada,N
Air Special,,,ASX,Czech Republic,N
Air Specialties Corporation,,,AMR,United States,N
Air Spirit,,,SIP,United States,N
Air Sport,,,MSK,Bulgaria,N
Air Srpska,,RB,SBK,Bosnia and Herzegovina,N
Air St. Thomas,,,STT,United States,N
Air Star Corporation,,,ASC,Canada,N
Air Sultan,,,SSL,Sierra Leone,N
Air Sunshine,,,RSI,United States,Y
Air Sureste,,,AIS,Spain,N
Air Swift Aviation,,,JOA,Australia,N
Air Tahiti,,VT,VTA,French Polynesia,Y
Air Tahiti Nui,,TN,THT,France,Y
Air Tahoma,,,HMA,United States,N
Air Tanzania,,TC,ATC,Tanzania,Y
Air Taxi,,,HAT,France,N
Air Taxi & Cargo,,,WAM,Sudan,N
Air Tchad,,,HTT,Chad,N
Air Tenglong,,,CTE,China,N
Air Tindi,,8T,,Canadian Territories,Y
Air Today,,,TDY,United States,N
Air Togo,,YT,TGA,Togo,N
Air Tomisko,,,TOH,Serbia,N
Air Toronto,,,CNE,Canada,N
Air Tractor,,,AOU,Croatia,N
Air Traffic GmbH,,,ATJ,Germany,N
Air Transat,,TS,TSC,Canada,Y
Air Transport,,,CYO,United States,N
Air Transport Association,,,ATA,United States,N
Air Transport International,,8C,ATN,United States,N
Air Transport Schiphol,,,ATQ,Netherlands,N
Air Transport Service,,,ATS,Democratic Republic of the Congo,N
Air Travel Corp.,,,ATH,United States,N
Air Tungaru,,,TUN,Kiribati,N
Air Turks and Caicos,,JY,TCI,Turks and Caicos Islands,N
Air Turquoise,,,RTQ,France,N
Air Uganda International Ltd.,,,AUX,Uganda,N
Air UK,,UK,,United Kingdom,N
Air Ukraine,,6U,UKR,Ukraine,N
Air Umbria,,,UMB,Italy,N
Air Universal,,,UVS,Sierra Leone,N
Air Urga,,3N,URG,Ukraine,N
Air Valencia,,,AVZ,Spain,N
Air Vanuatu,,NF,AVN,Vanuatu,Y
Air Vardar,,,VDR,Macedonia,N
Air Vegas,,6V,VGA,United States,N
Air VIA,,VL,VIM,Bulgaria,Y
Air Victoria Georgia,,,GVI,Georgia,N
Air Viggi San Raffaele,,,AHS,Italy,N
Air VIP,,,RVP,Portugal,N
Air Vistara,Tata SIA Airlines,UK,VTI,India,Y
Air Volga,,G6,,Russia,Y
Air Wales,,6G,AWW,United Kingdom,Y
Air Walser,,,WLR,Italy,N
Air West,,,AWT,Canada,N
Air Whitsunday,,,RWS,Australia,N
Air Wings,,,BSB,Moldova,N
Air Wisconsin,,ZW,AWI,United States,Y
Air Xpress,,,ARX,AIREX,N
Air Yugoslavia,,,YRG,Serbia,N
Air Zambezi,,,TZT,Zimbabwe,N
Air Zermatt AG,,,AZF,Switzerland,N
Air Zimbabwe,,UM,AZW,Zimbabwe,Y
Air-Angol,,,NGO,Angola,N
Air-Invest,,,HKH,Hungary,N
Air-Lift Associates,,,WPK,United States,N
Air-Rep,,,XPR,United States,N
Air-Spray 1967 Ltd.,,,ASB,Canada,N
Air2there,,F8,,New Zealand,Y
Airailes,,,EOL,France,N
AirAsia,Air Asia,AK,AXM,Malaysia,Y
AirAsia Japan,,,WAJ,Japan,Y
AirAsia X,FlyAsianXpress,D7,XAX,Malaysia,Y
Airblue,,ED,ABQ,Pakistan,Y
Airborne Express,,GB,ABX,United States,N
Airbourne School of Flying,,,RGT,United Kingdom,N
AirBridge Cargo,,RU,ABW,Russia,N
Airbus France,,4Y,RBU,France,N
Airbus Industrie,,AP,AIB,France,N
Airbus Transport International,,,BGA,France,N
Aircompany Barcol,,,BKL,Russia,N
Aircompany Chaika,,,CHJ,Ukraine,N
Aircompany Grodno,,,GRX,Belarus,N
Aircompany Rosavia,,,URA,Ukraine,N
Aircompany Veteran,,,RVT,Armenia,N
Aircompany Yakutia,,R3,SYL,Russia,Y
Aircraft Performance Group,,,XLB,United States,N
Aircraft Support and Services,,,NFF,Lebanon,N
Aircrew Check and Training Australia,,,AIY,Australia,N
Aircruising Australia,,,AIX,Australia,N
Airdeal Oy,,,ADU,Finland,N
Aires,,4C,ARE,S.A.,Y
Airest,,,AIT,Estonia,N
Airfast Indonesia,,,AFE,Indonesia,N
Airfix Aviation,,,FIX,Finland,Y
Airfreight Express,,,AFX,United Kingdom,N
Airjet Exploracao Aerea De Carga,,,MBC,Angola,N
Airkenya,,,XAK,Kenya,N
Airlec - Air Aquitaine Transport,,,ARL,France,N
AirLiberté,,IJ,,France,N
Airlift Alaska,,,GSP,United States,N
Airlift International,,,AIR,United States,Y
Airlinair,,A5,RLA,France,Y
Airline Alania,,,OST,Russia,N
Airline Operations Services,,,XAO,United States,N
Airline Skol,,,CDV,Russia,N
Airlines 400,,,VAZ,Russia,N
Airlines Of Tasmania,,FO,ATM,Australia,Y
Airlines PNG,,CG,TOK,Papua New Guinea,Y
Airlink,,,JAR,Austria,N
Airlink (SAA),,4Z,,South Africa,Y
Airlink Airways,,,HYR,Ireland,N
Airlink Solutions,,,LKS,Spain,N
Airlink Zambia,,K8,ZAK,Zambia,N
Airman,,,AYM,AIRMAN,N
Airmark Aviation,,,THM,Thailand,N
Airmax,,,MMX,Peru,N
Airnorth,,TL,ANO,Australia,Y
AirOne Atlantic,AirOneAtlantic,00,AO1,Slovakia,N
AirOne Continental,AirOne Continental,00,000,Slovakia,N
AirOne Polska,AirOne Polska,U1,001,Poland,N
AirOnix,,OG,,Ukraine,Y
Airpac,,,APM,ALASKA PACIFIC,N
Airpac Airlines,,,APC,AIRPAC,N
Airplanes Holdings,,,AHH,Ireland,N
Airport Bratsk,,,BRP,Russia,N
Airport Helicopter Basel,,,AHE,AIRPORT HELICOPTER,N
Airpull Aviation,,,IPL,Spain,N
Airquarius Air Charter,,,SSN,South Africa,N
AirQuarius Aviation,,,AQU,South Africa,N
AirRussia,RussianConector,R8,RRJ,Russia,Y
Airservices Australia,,,ADA,Australia,N
Airshare Holdings,,,SHH,United Kingdom,N
Airshop,,FF,,Netherlands,N
Airspeed Aviation,,,SPD,Canada,N
Airsprint,,,ASP,Canada,N
Airstars,,PL,ASE,Russia,N
Airtime Charters,,,IME,United Kingdom,N
AirTran Airways,,FL,TRS,United States,Y
Airtrans Ltd,,,VAB,Russia,N
airtransse,,,TSQ,Japan,N
Airvallee,,,RVL,Italy,N
Airvantage Incorporated,,,AVV,United States,N
Airventure,,,RVE,Belgium,N
Airvias S/A Linhas Aereas,,,AIV,Brazil,N
Airwave Transport,,,AWV,AIRWAVE,N
Airwaves Airlink,,,WLA,Zambia,N
Airway Express,,,AEX,United States,N
Airways,,,WAY,France,N
Airways Corporation of New Zealand,,,XFX,New Zealand,N
Airways Flight Training,,,DRM,United Kingdom,N
Airways International,,,AWB,AIRNAT,N
AirWest,,,AWZ,Sudan,N
Airwing,,,NWG,Norway,N
Airwings oy,,,WGS,Finland,N
Airwork,,,AWK,New Zealand,N
Airworld,,,SPZ,South Africa,N
Ajet,,,AJY,Cyprus,N
AJT Air International,,E9,,Russia,N
AK Navigator LLC,,,AKZ,Kazakhstan,N
Akhal,,,AKH,Turkmenistan,N
Aklak Air,,,AKK,Canada,N
Aktjubavia,,,AKB,Kazakhstan,N
Al Ahram Aviation,,,LHR,Egypt,N
Al Farana Airline,,,PHR,Egypt,N
Al Rais Cargo,,,HJT,United Arab Emirates,N
Al Rida Airways,,,LRW,Mauritania,N
Al-Dawood Air,,,LIE,Nigeria,N
Al-Donas Airlines,,,LDN,Nigeria,N
Al-Naser Airlines,,NA,,Iraq,Y
Alada,,,RAD,Angola,N
Aladia Airlines,,,AYD,Mexico,N
Alajnihah for Air Transport,,,ANH,Libya,N
ALAK,,J4,,Russia,Y
Alamia Air,,,LML,Libya,N
Alamo Aviacion,,,AVD,ALAMO,N
Alan Mann Helicopters Ltd.,,,AMH,United Kingdom,N
Alaniya Airlines,Алания,2D,,Russia,N
Alas de Venezuela,,,ALV,Venezuela,N
Alas Nacionales,,,ALW,ALNACIONAL,N
Alaska Airlines,,AS,ASA,ALASKA,Y
Alaska Central Express,,KO,AER,United States,Y
Alaska Island Air,,,AAK,United States,N
Alaska Seaplane Service,,J5,,United States,Y
Alatau Airlines,,,BMV,Kazakhstan,N
Alba Servizi Aerotrasporti,,,AFQ,Italy,N
Albanian Airlines,,LV,LBC,Albania,Y
Albarka Air,,F4,NBK,Nigeria,N
AlbaStar,,,LAV,Spain,Y
Albatros Airways,,,LBW,Albania,N
Alberni Airways,,,BNI,Canada,N
Alberta Citylink,,,ABK,Canada,N
Alberta Government,,,GOA,Canada,N
Albion Aviation,,,ALD,United Kingdom,N
Albisa,,,LBI,Mexico,N
Alcon Servicios Aereos,,,AOA,ALCON,N
Aleem,,,LEM,Egypt,N
Alexandair,,,AXN,Greece,N
Alexandria Airlines,,,KHH,Egypt,N
Alfa 4,,,FCU,Mexico,N
Alfa Aerospace,,,LFP,Australia,N
Alfa Air,,,AFA,Czech Republic,N
Alghanim,,,KYA,United States,Y
Algoma Airways,,,AGG,Canada,N
Alicante Internacional Airlines,,,AIU,Spain,N
Alidaunia,,D4,LID,Italy,N
Alinord,,DN,,Italy,N
Aliparma,,,PAJ,Italy,N
Alitalia,,AZ,AZA,Italy,Y
Alitalia Cityliner,,CT,,Italy,Y
Alitalia Express,,XM,SMX,Italy,Y
Aliven,,,LVN,Italy,N
Alkan Air,,,AKN,Canada,N
All Africa,All Africa,9A,99F,South Africa,Y
All America,All America,A2,AL2,United States,Y
All America AR,All America Argentina,2R,M7A,Argentina,Y
All America BOPY,All America BOPY,0P,PYB,Paraguay,Y
All America BR,All America Brasil,1Y,A9B,Brazil,Y
All America CL,All America Chile,1R,R1R,Chile,Y
All America CO,All America Colombia,0Y,7ZC,Colombia,Y
All America MX,All America México,0M,0MM,Mexico,Y
All America US,All America US,AG,SSA,United States,Y
All Argentina,All Argentina,L1,AL1,Argentina,Y
All Argentina Express,All Argentina Express,Z0,Z9H,Argentina,Y
All Asia,All Asia,L9,AL3,China,Y
All Australia,All Australia,88,8K8,Australia,Y
All Charter Limited,,,BLA,United Kingdom,N
All Colombia,All Colombia,7O,7KK,Colombia,Y
All Europe,All Europe,N9,N99,United Kingdom,Y
All Nippon Airways,ANA All Nippon Airways,NH,ANA,Japan,Y
All Spain,All Spain,N7,N77,Spain,Y
All Star Airlines,,,ASR,ALL STAR,N
Allcanada Express,,,CNX,Canada,N
Allegheny Commuter Airlines,,,ALO,United States,Y
Allegiant Air,,G4,AAY,United States,Y
Allegro,,LL,GRO,Mexico,N
Alliance,,,AFJ,Uganda,N
Alliance Air,,CD,LLR,India,N
Alliance Airlines,,QQ,UTY,Australia,Y
Alliance Avia,,,KVR,Kazakhstan,N
Alliance Express Rwanda,,,RWB,Rwanda,N
Allied Air,,,AJK,Nigeria,N
Allied Command Europe (Mobile Force),,,ALF,Belgium,N
AlMasria Universal Airlines,,UJ,LMU,Egypt,Y
Almaty Aviation,,,LMT,Kazakhstan,N
Almaver,,,VER,Mexico,N
Almiron Aviation,,,HPO,Uganda,N
Alninati Aeronautics,,,LUC,Switzerland,N
Aloha Airlines,,AQ,AAH,United States,Y
Alok Air,,,LOK,Sudan,N
Alpha Aviation,,,APH,AIRFLIGHT,N
Alpha Jet International,,,AJW,United States,N
Alpi Eagles,,E8,ELG,Italy,N
Alpi Eagles (E8),,E8,,Italy,N
Alpine Air Chile,,,AIH,Chile,N
Alpine Air Express,,5A,AIP,United States,N
Alpine Aviation,,,LPC,South Africa,N
Alpliner AG,,,ALP,Switzerland,N
Alrosa Mirny Air Enterprise,,6R,DRU,Russia,Y
Alrosa-Avia,,,LRO,Russia,N
Alsair,,,LSR,France,N
Alsaqer Aviation,,,SQR,Libya,N
Alta Flights (Charters) Ltd.,,,ALZ,Canada,N
Altagna,,,AGH,France,N
Altair Aviation (1986),,,ALQ,Canada,N
Altin Havayolu Tasimaciligi Turizm Ve Ticaret,,,GTC,Turkey,N
Altus Airlines,,,AXS,United States,N
Aluminum Company Of America,,,AQO,United States,N
Alyeska Air Service,,,ALY,United States,N
Amadeus Global Travel Distribution,,1A,AGT,Spain,N
Amako Airlines,,,OBK,Nigeria,N
Amal Airlines,,,MLF,Djibouti,N
Amapola Flyg AB,,,APF,Sweden,N
Amaszonas,,Z8,AZN,Bolivia,Y
Amber Air,,0A,GNT,Lithuania,N
Ambjek Air Services,,,JEE,Nigeria,N
Ambulance Air Africa,,,MCY,South Africa,N
AMC Airlines,,,AMV,Egypt,Y
Ameravia,,,VAM,Uruguay,N
Amerer Air,,,AMK,Austria,N
America West Airlines,,HP,AWE,United States,Y
American Airlines,,AA,AAL,United States,Y
American Aviation,,,LKP,United States,N
American Eagle Airlines,,MQ,EGF,United States,Y
American Falcon,,WK,AFB,Argentina,N
American Flight Service Systems,,,XFS,United States,N
American Flyers,,,FYS,United States,N
American Jet International,,,SCM,United States,N
Ameriflight,,,AMF,United States,N
Amerijet International,,M6,AJT,United States,N
Ameristar Jet Charter,,,AJI,United States,N
Amira Air,,,XPE,Austria,N
Amiya Airline,,,AMZ,Nigeria,N
AMP Incorporated,,,MMP,United States,N
AMR Services Corporation,,,XAM,United States,N
AMS Group,,,XMG,Russia,N
Amsterdam Airlines,,WD,AAN,Netherlands,Y
ANA & JP Express,,,AJV,Japan,N
Andalus Lineas Aereas,,,ANU,Spain,Y
Anderson Aviation,,,ADX,United States,N
Andes Lineas Aereas,,,ANS,Argentina,N
Angara Airlines,,,AGU,Russia,N
Angel Airlines,,,NGE,Thailand,N
Angel Flight America,,,NGF,United States,N
Angkor Air,,,VAV,Cambodia,N
Angkor Airlines,,,AOL,Cambodia,N
Angkor Airways,,,AKW,Cambodia,N
Anglo Cargo,,,ANC,United Kingdom,N
Angoavia,,,NGV,Angola,N
Angola Air Charter,,,AGO,Angola,N
Angoservice,,,NGC,Angola,N
Angus Aviation,,,AAZ,Canada,N
Anikay Air Company,,,AKF,Kyrgyzstan,N
Annsett New Zealand (NZA),,ZQ,,New Zealand,N
Anoka Air Charter,,,RZZ,United States,N
Ansett Australia,,AN,AAA,Australia,Y
Antair,,,TIR,Mexico,N
Antanik-Air,,,NAU,Ukraine,N
Antares Airtransport,,,ANM,ANTARES,N
Antillana De Navegacion Aerea,,,SUN,Dominican Republic,N
Antinea Airlines,,HO,DJA,Algeria,N
Antonov Airlines,,,ADB,Ukraine,N
Antrak Air,,04,ABV,Ghana,N
AOM French Airlines,,IW,AOM,France,N
APA Internacional,,,APY,Dominican Republic,N
Apache Air,Apache,ZM,IWA,United States,Y
Apatas Air,,,LYT,Lithuania,N
Apex Air Cargo,,,APX,United States,N
Apoyo Aereo,,,POY,Mexico,N
Appalachian Flying Service,,,APL,APPALACHIAN,N
APSA Colombia,,,ABO,Colombia,N
Aquila Air,,,CNH,United States,N
Aquila Air Ltd.,,,AQL,Canada,N
Arab Agricultural Aviation Company,,,AGC,Egypt,N
Arab Wings,,,AWS,Jordan,N
Araiavia,,,KOY,Kazakhstan,N
Aram Airline,,,IRW,Iran,N
Aravco Ltd.,,,ARV,United Kingdom,N
Arca Aerovias Colombianas Ltda.,,,AKC,Colombia,N
Archer Aviation,,,DHM,United Kingdom,N
Arctic Air,,,AKR,Norway,N
Arctic Circle Air Service,,5F,CIR,United States,N
Arctic Wings And Rotors Ltd.,,,AWR,Canada,N
Arcus-Air Logistic,,ZE,AZE,Germany,N
Argentine Air Force,,,FAG,Argentina,N
Argo,,,RGO,Dominican Republic,N
Argosy Airways,,,ARY,United States,N
Arhabaev Tourism Airlines,,,RTO,Kazakhstan,N
Aria,,,ARW,France,N
Aria Tour,,,IRX,Iran,N
Ariana Afghan Airlines,,FG,AFG,Afghanistan,Y
Arik Air,,W3,ARA,Nigeria,N
Arik Niger,,Q9,NAK,Niger,Y
Arizona Airways,,,AZY,ARIZAIR,N
Arizona Express Airlines,,,TMP,United States,N
Arizona Pacific Airways,,,AZP,United States,N
Arkefly,,OR,TFL,Netherlands,Y
Arkhabay,,,KEK,Kazakhstan,N
Arkhangelsk 2 Aviation Division,,,OAO,Russia,N
Arkia Israel Airlines,,IZ,AIZ,Israel,Y
Arm-Aero,,,RMO,Armenia,N
Armavia,,U8,RNV,Armenia,Y
Armenian Airlines,,,RME,Armenia,N
Armenian International Airways,,MV,RML,Armenia,N
Armstrong Air,,,ARQ,ARMSTRONG,N
Army Air Corps,,,AAC,United Kingdom,N
Aroostook Aviation,,,PXX,United States,N
ARP 410 Airlines,,,URP,Ukraine,N
Arrendamiento de Aviones Jets,,,JTS,Mexico,N
Arrendoora y Transportadora Aerea,,,END,Mexico,N
Arrow Air,,JW,APW,United States,Y
Arrow Aviation Ltd.,,,ARO,Canada,N
Arrow Ecuador Arrowec,,,RWC,Ecuador,N
Arrow Panama,,,WAP,Panama,N
Arrowhead Airways,,,ARH,United States,N
Artem-Avia,,,ABA,Ukraine,N
Artis,,,RTH,France,N
Aruba Airlines,,,ARU,Aruba,Y
Arubaexel,,,RBX,Aruba,N
Arvand Airlines,,,IRD,Iran,N
As,,,AOO,COMPANY AS,N
ASA Pesada,,,API,ASA PESADA,N
ASECNA,,,XKX,France,N
Aserca Airlines,,R7,OCA,Venezuela,Y
Asia Aero Survey and Consulting Engineers,,,KAA,Republic of Korea,N
Asia Avia Airlines,,,AVT,Indonesia,N
Asia Continental Airlines,,,CID,Kazakhstan,N
Asia Overnight Express,,OE,AOT,Philippines,N
Asia Pacific Airlines,,,MGE,United States,N
Asia Wings,,Y5,AWA,Kazakhstan,Y
Asian Aerospace Service,,,SPY,Thailand,N
Asian Express Airlines,,HJ,AXF,Australia,N
Asian Spirit,,6K,RIT,Philippines,Y
Asian Wings Airways,,AW,AWM,Burma,Y
Asiana Airlines,,OZ,AAR,Republic of Korea,Y
Askari Aviation,,4K,AAS,Pakistan,Y
ASL,,,XXX,Belgium,N
Aspen Aviation,,,APQ,United States,N
Aspen Helicopters,,,AHF,United States,N
Assistance Aeroportuaire de L'Aeroport de Paris,,,XJA,France,N
Associated Aviation,,,SCD,Nigeria,N
Association of Private Pilots of Kazakhstan,,,PVK,Kazakhstan,N
AST Pakistan Airways,,,PKA,Pakistan,N
Astair,,8D,,Russian Federation,Y
Astar Air Cargo,,ER,DHL,United States,N
Astoria,,,AOI,ASTORIA,N
Astraeus,,5W,AEU,United Kingdom,Y
Astrakhan Airlines,,OB,ASZ,Russia,Y
Astral Aviation,,8V,ACP,Kenya,Y
ASTRAL Colombia - Aerotransportes Especiales Ltda.,,,ATP,Colombia,N
Astravia-Bissau Air Transports Ltd.,,,ASV,Guinea-Bissau,N
Astro Air International,,,AAV,United States,N
AT and T Aviation Division,,,XAT,United States,N
ATA Airlines,,,AMT,United States,Y
ATA Airlines (Iran),هواپیمایی آتا,I3,,Iran,Y
ATA Brasil,,,ABZ,Brazil,N
Atair Pty Ltd.,,,AOF,South Africa,N
ATESA Aerotaxis Ecuatorianos,,,TXU,Ecuador,N
Athens Airways,,ZF,,Greece,Y
Atifly,,A1,A1F,United States,Y
Atlant Aerobatics Ltd.,,,ATU,Hungary,N
Atlant-Soyuz Airlines,,3G,AYZ,Russia,Y
Atlantair Ltd.,,,ATB,Canada,N
Atlantic Aero and Mid-Atlantic Freight,,,MDC,United States,N
Atlantic Air Cargo,,K3,,United States,N
Atlantic Air Lift,,,HGH,France,N
Atlantic Air Services,,X7,,United States,N
Atlantic Airfreight Aviation,,,LFR,Sao Tome and Principe,N
Atlantic Airlines,,,BJK,United States,N
Atlantic Airlines de Honduras,,,HHA,Honduras,N
Atlantic Airways,,RC,FLI,Faroe Islands,Y
Atlantic Coast Airlines,,,BLR,United States,N
Atlantic Coast Jet,,,PRT,United States,N
Atlantic Gulf Airlines,,,AGF,United States,N
Atlantic Helicopters,,,FAC,Denmark,N
Atlantic Island Airways,,,AIW,Canada,N
Atlantic Richfield Company,,,NRS,United States,N
Atlantic S.L.,,,RCU,Spain,N
Atlantic Southeast Airlines,,,CAA,United States,N
Atlantique Air Assistance,,,TLB,France,N
Atlantis Airlines (USA),,,AAO,United States,N
Atlantis European Airways,,TD,LUR,Armenia,Y
Atlantis Transportation Services,,,ATE,ATLANTIS CANADA,N
Atlas Air,,5Y,GTI,United States,Y
Atlas Airlines,,,ATR,United States,N
Atlas Aviation Group,,,IRH,Iran,N
Atlas Blue,,8A,BMM,Morocco,Y
Atlas Cargo Lines,,,ACY,Morocco,N
Atlas Helicopters,,,TDT,United Kingdom,N
AtlasGlobal Ukraine,,,UJX,Ukraine,Y
Atlasjet,,KK,KKK,Turkey,Y
ATMA,,,AMA,Kazakhstan,N
ATRAN Cargo Airlines,,V8,VAS,Russian Federation,Y
ATS Private Company,,,CPF,Ukraine,N
ATTICO,,,ETC,Sudan,N
Atuneros Unidos de California,,,UND,Mexico,N
ATUR,,,TUR,Ecuador,Y
Atyrau Air Ways,,IP,JOL,Kazakhstan,N
Auckland Regional Rescue Helicopter Trust,,,WPR,New Zealand,N
Audeli Air,,,ADI,Spain,N
Audi Air,,,AUD,AUDI AIR,N
Augsburg Airways,,IQ,AUB,Germany,Y
Augusta Air Luftfahrtunternehmen,,,AUF,Germany,N
Auo Airclub AIST-M,,,ISM,Russia,N
AUOS,AUOS,,AUK,United Kingdom,N
Aur Rum Benin,,,RBE,Benin,N
Aurela,,,LSK,Lithuania,N
Aurigny Air Services,,GR,AUR,United Kingdom,Y
Aurora Airlines,,,URR,Slovenia,N
Aurora Aviation,,,AUU,AURORA AIR,N
Aus-Air,,NO,AUS,Australia,N
Austin Express,,,TXX,United States,N
Austral Brasil,Austral Brasil lineas aereas,W7,,Brazil,Y
Austral Lineas Aereas,,AU,AUT,Argentina,Y
Australia Asia Airlines,,,AAU,Australia,N
Australian air Express,,,XME,Australia,N
Australian Airlines,,AO,AUZ,Australia,N
Australian Customs Service,,,CWP,Australia,N
Australian Maritime Safety Authority,,,RES,Australia,N
Australian Wetleasing,,,AWL,Australia,N
Austrian Airlines,,OS,AUA,Austria,Y
Austrian Airtransport,,,AAT,Austria,N
Austro Aereo,,,UST,Ecuador,N
Auvia Air,,,UVT,Indonesia,N
Av Atlantic,,,KYC,United States,N
AV8 Helicopters,,,AVH,United Kingdom,N
Avag Air,,,MBA,Austria,N
Avalair,,,VAI,Serbia,N
Avanti Air,,,ATV,Germany,N
AVB-2004 Ltd,,,VBC,Bulgaria,N
AVC Airlines,,,MZK,Japan,N
Avcard Services,,,ACC,United Kingdom,N
Avcenter,,,TTE,United States,N
AVCOM,,J6,AOC,Russia,N
Avcorp Registrations,,,AVP,United Kingdom,N
Ave.com,,,PHW,United Arab Emirates,N
Avensa,,VE,AVE,Venezuela,N
Averitt Air Charter,,,VRT,United States,N
AVESCA,,,VSC,Colombia,N
Avfinity,,,UTX,United States,N
Avia Air N.V.,,,ARB,Aruba,N
Avia Business Group,,,AUP,Russia,N
Avia Consult Flugbetriebs,,,AJF,Austria,N
Avia Jaynar,,,SAP,Kazakhstan,N
Avia Sud A,,,AVU,France,N
Avia Traffic Company,,,AVJ,Kyrgyzstan,N
Avia Trans Air Transport,,,VTT,Sudan,N
Aviabus,,U1,ABI,Russia,Y
Aviacao Transportes Aereos e Cargas,,,VTG,Angola,N
Aviacion Comercial de America,,,VME,Mexico,N
Aviacion Del Noroeste,,,ANW,AVINOR,N
Aviacion Ejecutiva De Hildago,,,HID,Mexico,N
Aviacion Ejecutiva Mexicana,,,AVM,AVEMEX,N
Aviacon Zitotrans Air Company,,,AZS,Russia,N
Aviaexpress,,RX,AEH,Hungary,N
Aviaexpress Aircompany,,,VXX,Ukraine,N
Aviaexpresscruise,,E6,,Russia,N
Aviainvest,,,IWS,Russia,N
Aviair Aviation Ltd.,,,AVF,Canada,N
Avial NV Aviation Company,,,NVI,Russia,N
Avialeasing Aviation Company,,EC,TWN,Uzbekistan,Y
Avialesookhrana,,,FFA,Russia,N
Avialift Vladivostok,,,VLV,Russia,N
Avialsa T-35,,,AVS,Spain,N
Avianca - Aerovias Nacionales de Colombia,,AV,AVA,AVIANCA,Y
Aviance,,,GHL,United Kingdom,N
Avianergo,,,ERG,Russia,N
Avianova (Russia),,AO,,Russia,Y
Aviapartner Limited Company,,,OSO,Russia,N
Aviapaslauga,,,AVX,Lithuania,N
Aviaprad,,,VID,Russia,N
Aviaprom Enterprises,,,XAV,Russia,N
Aviaservice,,,BIV,Georgia,N
Aviast Air,,,VVA,Russia,N
Aviastar-Tu,,,TUP,Russia,N
Aviateca,,,GUG,Guatemala,N
Aviation Amos,,,AMJ,Canada,N
Aviation at Work,,,AVO,South Africa,N
Aviation Beaufort,,,AVB,United Kingdom,N
Aviation Charter Services,,,CKL,United States,N
Aviation Company Meridian,,,MMM,Russia,N
Aviation Consultancy Office,,,QEA,Australia,N
Aviation Data Systems,,,FBW,United States,N
Aviation Defense Service,,,DEF,France,N
Aviation Legere De L'Armee De Terre,,,FMY,France,N
Aviation Management Corporation,,,AAM,United States,N
Aviation Ministry of the Interior of the Russian Federation,,,RIF,Russian Federation,N
Aviation North,,,WLV,United States,N
Aviation Partners,,,WLT,United States,N
Aviation Quebec Labrador,,,QLA,Canada,N
Aviation Services,,,AVQ,AQUILINE,N
Aviator Airways,,,AVW,Greece,N
Aviavilsa,,,LVR,Lithuania,N
Aviaxess,,,AXV,France,N
Aviazur,,,VZR,France,N
Avient Air Zambia,,,VNT,Zambia,N
Avient Aviation,,Z3,SMJ,Zimbabwe,Y
Avies,,U3,AIA,Estonia,Y
Avilu,Avilu' SA,..,...,Switzerland,Y
Avinor,,,HQO,Norway,N
Avio Nord,,,FNM,Italy,N
Avio Sluzba,,,SLU,Serbia,N
Aviodetachment-28,,,BGF,Bulgaria,N
Aviogenex,,,AGX,Serbia,Y
Avioimpex A.D.p.o.,,,AXX,Macedonia,N
Avion Taxi,,,ADQ,Canada,N
Aviones Are,,,NRE,Mexico,N
Aviones de Renta de Quintana Roo,,,AQT,AVIOQUINTANA,N
Aviones de Sonora,,,ADS,Mexico,N
Aviones Para Servirle,,,PSG,Mexico,N
Aviones Unidos,,,AUN,Mexico,N
Avior Airlines,,,ROI,Venezuela,N
Aviostart AS,,,VSR,Bulgaria,N
Avirex,,G2,VXG,Gabon,N
Avita-Servicos Aereos,,,ITF,Angola,N
Avitat,,,ESO,United Kingdom,N
Avjet International (FZE),,,VJE,United Arab Emirates,N
Avolar Aerolineas,,V5,VLI,Mexico,N
Avstar Aviation,,,VSA,South Africa,N
Awesome Flight Services (PTY) Ltd.,,,ASM,South Africa,N
Awood Air Ltd.,,,AWO,Canada,N
Aws express,,B0,666,United States,Y
Awsaj Aviation Services,,,AYS,Libya,N
Axel Rent,,,AXR,RENTAXEL,N
Axis Airways,,6V,AXY,France,N
Ayeet Aviation & Tourism,,,AYT,Israel,N
Aykavia Aircompany,,,AYK,Armenia,N
Azal Avia Cargo,,,AHC,Azerbaijan,N
Azalhelikopter,,,AZK,Azerbaijan,N
Azamat,,,AZB,Kazakhstan,N
Azerbaijan Airlines,,J2,AHY,Azerbaijan,Y
Azimut,,,AZT,AZIMUT,N
Azov Avia Airlines,,,AZV,Ukraine,N
Aztec Worldwide Airlines,,7A,,United States,N
Azul,Azul Linhas Aéreas Brasileiras,AD,AZU,Brazil,Y
Azza Transport,,,AZZ,Sudan,N
Azzurra Air,,,AZI,Italy,N
Aéris (Priv),,SH,,France,N
B&H Airlines,,JA,BON,Bosnia and Herzegovina,N
BA CityFlyer,,CJ,CFE,United Kingdom,Y
BA Connect,,TH,,United Kingdom,N
BA101,,,710,United Kingdom,Y
BAC Express Airlines,,,RPX,United Kingdom,N
BAC Leasing Limited,,,BAC,United Kingdom,N
BACH Flugbetriebsges,,B4,BCF,Austria,N
Badr Airlines,,,BDR,Sudan,N
BAE Systems,,,BAE,United Kingdom,N
BAE Systems Flight Training,,,BAZ,Australia,N
Bahamasair,,UP,BHS,Bahamas,Y
Bahrain Air BSC (Closed),,,BAB,Bahrain,N
Bahrain Defence Force,,,BFW,Bahrain,N
Bahrain Executive Air Services,,,BXA,Bahrain,N
Baikotovitchestrian Airlines,,BU,BUU,American Samoa,Y
Baja Air,,,BJA,Mexico,N
Baker Aviation,,8Q,BAJ,United States,N
Bakoji Airlines Services,,,OGJ,Nigeria,N
BAL Bashkirian Airlines,,V9,BTC,Russia,N
Balear Express,,,BEF,Spain,N
Bali International Air Service,,,BLN,Indonesia,N
Balkan Agro Aviation,,,BAA,Bulgaria,N
Balkan Bulgarian Airlines,,LZ,,,Y
Balkh Airlines,,,BHI,Afghanistan,N
Balmoral Central Contracts,,,PNT,South Africa,N
Baltia Air Lines,,,BTL,United States,N
Baltic Air lines,,B1,BA1,Latvia,Y
Baltic Airlines,,,BLL,Russia,Y
Baltic Aviation,,,BLT,United States,N
Baltic Jet Aircompany,,,BJC,Latvia,N
Baltijas Helicopters,,,BTH,Latvia,N
Baltimore Air Transport,,,CPJ,United States,N
Baltimore Airways,,,EAH,United States,N
Baltyka,,,BTK,Ukraine,N
Banco de Mexico,,,BMX,Mexico,N
Bancstar - Valley National Corporation,,,BNS,United States,N
Bangkok Airways,,PG,BKP,Thailand,Y
Bangkok Aviation Center,,,HAW,Thailand,N
Bankair,,B4,BKA,United States,N
Bannert Air,,,BBA,Austria,N
Bar Harbor Airlines,,,AJC,United States,N
Bar XH Air,,,BXH,Canada,N
Barents AirLink,,8N,NKF,Sweden,Y
Barken International,,,BKJ,United States,N
Barnes Olsen Aeroleasing,,,CLN,United Kingdom,N
Baron Aviation Services,,,BVN,United States,N
BASE Regional Airlines,,,BRO,Netherlands,N
Baseops International,,,XBO,United States,N
Basler Flight Service,,,BFC,United States,N
Bassaka airlines,,5B,BSX,Cambodia,Y
Bateleur Air,,,BEU,South Africa,Y
BAX Global,,8W,,,N
Bay Aviation Ltd,,,BAV,Bangladesh,N
Bayon Airlines,,,BAY,Cambodia,N
Bayu Indonesia Air,,BM,BYE,Indonesia,N
BBN-Airways,BlackBurn,,EGH,United Kingdom,Y
BCT Aviation,,,BCT,United Kingdom,N
Bear Flight,,,BFG,Sweden,N
Bearing Supplies Limited,,,PVO,United Kingdom,N
Bearskin Lake Air Service,,JV,BLS,Canada,Y
Beibars CJSC,,,BBS,Kazakhstan,N
Bel Air Helicopters,,,BEH,Denmark,N
Bel Limited,,,FOS,Russia,N
Belair Airlines,,4T,BHP,Switzerland,Y
Belavia Belarusian Airlines,,B2,BRU,Belarus,Y
Belgavia,,,BLG,Belgium,N
Belgian Air Force,,,BAF,Belgium,N
Belgian Army,,,AYB,Belgium,N
Belgian Navy,,,NYB,Belgium,N
Belgorod Aviation Enterprise,,,BED,Russia,N
Bell Helicopter Textron,,,TXB,Canada,N
Belle Air,,,LBY,Albania,N
Bellesavia,,,BLC,Belarus,N
Bellview Airlines,,B3,BLV,Nigeria,Y
Bemidji Airlines,,CH,BMJ,United States,Y
Benair,,,HAX,Norway,N
Benane Aviation Corporation,,,BNV,Mauritania,N
Benders Air,,,PEB,Sweden,N
Benin Golf Air,,A8,BGL,Benin,N
Benin Littoral Airways,,,LTL,Benin,N
Benina Air,,,BNE,Libya,N
Bentiu Air Transport,,,BNT,Sudan,N
Bergen Air Transport,,,BGT,Norway,N
Bering Air,,8E,BRG,United States,Y
Berjaya Air,,J8,BVT,Malaysia,Y
Berkhut ZK,,,BPK,Kazakhstan,N
Berkut Air,,,BEK,Kazakhstan,N
Berry Aviation,,,BYA,United States,N
Berytos Airlines,,,BYR,Lebanon,N
Best Aero Handling Ltd,,,BAX,Russia,N
Best Air,,,BST,Turkey,N
Best Aviation Ltd,,,BEA,Bangladesh,N
BETA - Brazilian Express Transportes Aereos,,,BET,Brazil,N
BF-Lento OY,,,BKF,Finland,Y
BGB Air,,,POI,Kazakhstan,N
BH Air,,,BGH,Bulgaria,N
Bhoja Airlines,,,BHO,Pakistan,N
Big Island Air,,,BIG,United States,N
Big Sky Airlines,,GQ,BSY,United States,N
Bighorn Airways,,,BHR,United States,N
Billund Air Center,,,BIL,Denmark,N
Biman Bangladesh Airlines,,BG,BBC,Bangladesh,Y
Binair,,,BID,Germany,N
Bingo Airways,Bingo,,BGY,Poland,Y
Binter Canarias,,NT,IBB,Spain,Y
Bird Leasing,,,BIR,United States,N
Birmingham European,,VB,,United Kingdom,N
Bismillah Airlines,,5Z,BML,Bangladesh,N
Bissau Aero Transporte,,,BSS,Guinea-Bissau,N
Bissau Airlines,,,BAU,Guinea-Bissau,N
Bissau Discovery Flying Club,,,BDF,Guinea-Bissau,N
Bistair - Fez,,,BSC,Kyrgyzstan,N
Biz Jet Charter,,,VLX,United States,N
Bizair Fluggesellschaft,,,BZA,Germany,N
Bizjet Ltd,,,BIZ,United Kingdom,N
BKS Air (Rivaflecha),,,CKM,Spain,N
Black Stallion Airways,,BZ,BSA,United States,Y
Blackhawk Airways,,,BAK,United States,N
Blom Geomatics,,,LED,Norway,N
Blue Air,,0B,JOR,Romania,Y
Blue Airlines,,,BUL,Democratic Republic of the Congo,N
Blue Airways,,,BLM,Armenia,N
Blue Bird Aviation,,,BBZ,Kenya,N
Blue Chip Jet,,,VOL,Sweden,N
Blue Dart Aviation,,BZ,BDA,India,N
Blue Horizon Travel Club,,,BLH,United States,N
Blue Islands,,,BCI,United Kingdom,N
Blue Jet,,,BLJ,Spain,N
Blue Line,,,BLE,France,N
Blue Nile Ethiopia Trading,,,BNL,Ethiopia,N
Blue Panorama Airlines,,BV,BPA,Italy,Y
Blue Sky Airways,,,BSW,Czech Republic,N
Blue Sky America,,BU,BKY,United States,N
Blue Sky Aviation,,,BSM,Lebanon,N
Blue Star Airlines,,,BSD,Mexico,N
Blue Swann Aviation,,,BSJ,United Kingdom,N
Blue Wing Airlines,,,BWI,Suriname,N
Blue Wings,,QW,BWG,Germany,Y
Blue1,,KF,BLF,Finland,Y
Bluebird Airways (BZ),,,BBG,Greece,Y
Bluebird Cargo,,BF,BBD,Iceland,N
bmi,bmi British Midland,BD,BMA,United Kingdom,Y
bmibaby,,WW,BMI,United Kingdom,Y
BMW,,,BMW,Germany,N
BN Group Limited,,,BNG,United Kingdom,N
Bobb Air Freight,,01,,Germany,Y
Boeing,,,BOE,United States,N
Boise Interagency Fire Center,,,BIN,United States,N
Boliviana de Aviacion (OB),BoA,,BOV,Bolivia,Y
Bombardier,,,BFO,Canada,N
Bombardier Business Jet Solutions,,,LXJ,United States,N
Bonair Aviation,,,BNR,Canada,N
Bond Air Services,,,BOD,Uganda,N
Bond Aviation,,,EBA,Italy,N
Bond Offshore Helicopters,,,BND,United Kingdom,N
Boniair,,,BOA,Macedonia,N
Bonus Aviation,,,BPT,United Kingdom,N
Bonyad Airlines,,,IRJ,Iran,N
Bookajet Limited,,,BOO,United Kingdom,N
Bordaire,,,BOF,Canada,N
Boscombe Down DERA (Formation),,,RRS,United Kingdom,N
Boskovic Air Charters Limited,,,ZBA,Kenya,N
Bosphorus European Airways,,,BHY,Turkey,N
Boston-Maine Airways,,E9,CXS,United States,N
Botir-Avia,,,BTR,Kyrgyzstan,N
Bouraq Indonesia Airlines,,BO,BOU,Indonesia,N
Boutique Air (Priv),,4B,BTQ,United States,Y
Bowman Aviation,,,BMN,United States,N
BQB Lineas Aereas,Buquebus,5Q,,Uruguay,Y
BRA-Transportes Aereos,,7R,BRB,Brazil,N
Braathens,Braathens SAFE,BU,BRA,Norway,N
Bradly Air (Charter) Services,,,BAR,Canada,N
Braniff International Airways,,BN,BNF,United States,N
Branson Airlines,,,BRN,United States,N
Brasair Transportes Aereos,,,BSI,Brazil,N
Bravo Air Congo,,K6,BRV,Democratic Republic of the Congo,N
Bravo Airlines,,,BBV,Spain,N
BRAZIL AIR,BRAZIL AIR,GB,BZE,Brazil,Y
Brazilian Air Force,,,BRS,Brazil,Y
Brazilian Army Aviation,,,EXB,Brazil,N
Brazilian Navy Aviation,,,MBR,Brazil,N
Breeze Ltd,,,BRE,Ukraine,N
Briansk State Air Enterprise,,,BRK,Russia,N
Briggs Marine Environmental Services,,,BME,United Kingdom,N
Bright Air,,,BHT,Netherlands,N
Bright Aviation Services,,,BRW,Bulgaria,N
Bringer Air Cargo Taxi Aereo,,E6,,Brazil,N
Bristol Flying Centre,,,CLF,United Kingdom,N
Bristow Helicopters,,,BHL,United Kingdom,N
Bristow Helicopters Nigeria,,,BHN,Nigeria,N
Bristow Masayu Helicopters,,,BMH,Indonesia,N
Brit Air,,DB,BZH,France,Y
Britannia Airways,,,BAL,United Kingdom,N
British Air Ferries,,??,??!,United Kingdom,N
British Airways,,BA,BAW,United Kingdom,Y
British Airways Shuttle,,,SHT,United Kingdom,N
British Antarctic Survey,,,BAN,United Kingdom,N
British Caribbean Airways,,,BCL,United Kingdom,N
British Charter,,,BCR,United Kingdom,N
British Gulf International,,,BGI,S,N
British Gulf International-Fez,,,BGK,Kyrgyzstan,N
British International Helicopters,,BS,BIH,United Kingdom,Y
British Medical Charter,,,BMD,United Kingdom,N
British Mediterranean Airways,,KJ,LAJ,United Kingdom,Y
British Midland Regional,,,BMR,United Kingdom,Y
British North West Airlines,,,BNW,United Kingdom,N
British Petroleum Exploration,,,BPX,Colombia,N
British Regional Airlines,,,BRT,United Kingdom,N
British Sky Broadcasting,,,SKH,United Kingdom,N
Brock Air Services,,,BRD,Canada,N
Brussels Airlines,SN Brussels Airlines,SN,DAT,Belgium,Y
Brussels International Airlines,,,BXI,Belgium,N
BT-Slavuta,,,BTT,Ukraine,N
Budapest Aircraft Services/Manx2,,,BPS,Hungary,Y
Buddha Air,,,BHA,Nepal,N
Budget Air Bangladesh,,,BGR,Bangladesh,N
BudgetAir,BudgetAir,1K,BG1,Germany,Y
Buffalo Airways,,J4,BFL,Canada,N
Buffalo Express Airlines,,,BRX,United States,N
Bugulma Air Enterprise,,,BGM,Russia,N
Bukovyna,,,BKV,Ukraine,N
Bulgaria Air,,FB,LZB,Bulgaria,Y
Bulgarian Aeronautical Centre,,,BVC,Bulgaria,N
Bulgarian Air Charter,,,BUC,Bulgaria,N
Bundepolizei-Fliegertruppe,,,BPO,Germany,N
Buquebus Líneas Aéreas,,BQ,BQB,Uruguay,Y
Bureau Veritas,,,XDA,France,N
Burkina Airlines,,,BFR,Burkina Faso,N
Burundaiavia,,,IVR,Kazakhstan,N
Burundayavia,,,BRY,Kazakhstan,N
Buryat Airlines Aircompany,,,BUN,Russia,N
Business Air Services,,,BAM,Canada,N
Business Airfreight,,,RLR,United States,N
Business Aviation,,4P,,Congo (Kinshasa),Y
Business Aviation Center,,,BCV,Ukraine,N
Business Express,,,GAA,United States,N
Business Express Delivery,,,EXP,Canada,N
Business Flight Salzburg,,,AUJ,Austria,N
Business Flight Sweden,,,BFS,Sweden,N
Business Jet Solutions,,,BJS,United States,N
Business Jet Sweden,,,SCJ,Sweden,N
BusinessAir,,8B,BCC,Thailand,Y
Butane Buzzard Aviation Corporation,,,BZZ,United Kingdom,N
Butte Aviation,,,PPS,United States,N
buzz,,UK,BUZ,,N
Buzz Stansted,,,BUZ,United Kingdom,N
Buzzaway Limited,,,UKA,United Kingdom,N
BVI Airways,,XV,,British Virgin Islands,Y
BWA (2002) Ltd,,,BWL,United Kingdom,N
Bylina Joint-Stock Company,,,BYL,Russia,N
C Air Jet Airlines,,,SRJ,Syrian Arab Republic,N
C and M Aviation,,,TIP,United States,N
C N Air,,,ORO,Spain,N
C&M Airways,,,RWG,United States,N
C.S.P.,,,RMU,AIR-MAUR,N
Cabair College of Air Training,,,CBR,United Kingdom,N
CABI,,,CBI,Ukraine,N
Cabo Verde Express,,,CVE,Cape Verde,N
Caernarfon Airworld,,,CWD,United Kingdom,N
CAI,,,CPI,Italy,N
Cairo Air Transport Company,,,CCE,Egypt,N
CAL Cargo Air Lines,,5C,ICL,Israel,Y
Cal Gulf Aviation,,,CGC,Sao Tome and Principe,N
Cal-West Aviation,,,REZ,United States,N
California Air Shuttle,,,CSL,United States,N
California Western,,KT,CWS,United States,N
Calima Aviacion,,XG,CLI,Spain,Y
Calm Air,,MO,CAV,Canada,N
CAM Air Management,,,CMR,United Kingdom,N
Camai Air,,R9,CAM,United States,N
Camair-co,,QC,,Cameroon,Y
Cambodia Airlines,,,KHM,Cambodia,N
Cambodia Angkor Air (K6),,K6,,Cambodia,Y
Cameroon Airlines,,UY,UYC,Cameroon,N
Campania Helicopteros De Transporte,,,HSO,Spain,N
Canada Jet Charters,,,PIL,Canada,N
Canadian Airlines,,CP,CDN,Canada,Y
Canadian Coast Guard,,,CTG,Canada,N
Canadian Eagle Aviation,,,HIA,Canada,N
Canadian Forces,,,CFC,Canada,N
Canadian Global Air Ambulance,,,BZD,Canada,N
Canadian Helicopters,,,CDN,Canada,N
Canadian Interagency Forest Fire Centre,,,TKR,Canada,N
Canadian National Airways,,CN,YCP,Canada,Y
Canadian National Telecommunications,,,XNC,Canada,N
Canadian North,,5T,MPE,Canada,Y
Canadian Regional Airlines,,,CDR,Canada,N
Canadian Warplane Heritage Museum,,,CWH,Canada,N
Canadian Western Airlines,,W2,CWA,Canada,N
Canadian World,,10,CNN,Canada,N
Canair,,,CWW,China,N
Canaryfly,,,CNF,Spain,Y
Cancun Air,,,CUI,Mexico,N
CanJet,,C6,CJA,Canada,N
CanXplorer,,C2,CAP,Canada,Y
CanXpress,,C1,CA1,Canada,Y
Cape Air,,9K,KAP,United States,Y
Cape Air Transport,,,CTO,Australia,N
Cape Central Airways,,,SEM,United States,N
Cape Smythe Air,,,CMY,United States,N
Capital Air Service,,,CPX,United States,N
Capital Airlines,,,CPD,Kenya,N
Capital Airlines Limited,,,NCP,Nigeria,N
Capital Cargo International Airlines,,PT,CCI,United States,N
Capital City Air Carriers,,,CCQ,United States,N
Capital Trading Aviation,,,EGL,United Kingdom,N
Capitol Air Express,,,CEX,United States,N
Capitol Wings Airline,,,CWZ,United States,N
Caravan Air,,,VAN,Mauritania,N
Cardiff Wales Flying Club,,,CWN,United Kingdom,N
Cardinal/Air Virginia,,,FVA,United States,N
Cardolaar,,,GOL,Namibia,N
Cards Air Services,,,CDI,Philippines,N
Care Flight,,,CFH,Australia,N
Carga Aerea Dominicana,,,CDM,Dominican Republic,N
Carga Express Internacional,,,EST,Mexico,N
Cargo 360,,GG,GGC,United States,N
Cargo Express,,,MCX,Mauritania,N
Cargo Ivoire,,,CRV,Ivory Coast,N
Cargo Link (Caribbean),,,CLM,Barbados,N
Cargo Plus Aviation,,8L,CGP,United Arab Emirates,Y
Cargo Three,,,CTW,Panama,N
Cargoitalia,,2G,CRG,Italy,N
Cargojet Airways,,W8,CJT,Canada,N
Cargolux,,CV,CLX,Luxembourg,N
Cargoman,,,CGM,Oman,N
Carib Aviation,,,DEL,Antigua and Barbuda,N
Carib Express,,,BCB,Barbados,N
Caribair,,,CBC,Dominican Republic,N
Caribbean Air Cargo,,,DCC,Barbados,N
Caribbean Air Transport,,,CLT,Netherlands,N
Caribbean Airlines,,BW,BWA,Trinidad and Tobago,Y
Caribbean Airways,,,IQQ,Barbados,N
Caribbean Express,,,TLC,United States,N
Caribbean Star Airlines,,8B,GFI,Antigua and Barbuda,N
Caribbean Wings,,XP,ZYZ,Turks and Caicos Islands,N
Caribintair,,,CRT,Haiti,N
CARICOM AIRWAYS (BARBADOS) INC.,CARICOM AIRWAYS,,CCB,Barbados,Y
Carill Aviation,,,CVG,United Kingdom,N
Carnival Air Lines,,KW,,United States,Y
Carpatair,,V3,KRP,Romania,Y
Carpatair Flight Training,,,SMW,Romania,Y
Carranza,,,CRR,Chile,N
Carroll Air Service,,,ULS,United States,N
Casement Aviation,,,CMT,United States,N
Casino Airline,,,CSO,United States,N
Casper Air Service,,,CSP,United States,N
Caspian Airlines,,RV,CPN,Iran,Y
Castle Aviation,,,CSJ,United States,N
Cat Aviation,,,CAZ,Switzerland,N
CATA L,,,CTZ,Argentina,N
Catalina Flying Boats,,,CBT,United States,N
Catex,,,TEX,France,N
Cathay Pacific,,CX,CPA,Hong Kong SAR of China,Y
Catovair,,OC,,Mauritius,Y
Caucasus Airlines,,NS,,Georgia,Y
Caverton Helicopters,,,CJR,Nigeria,N
Cayman Airways,,KX,CAY,Cayman Islands,Y
CB Airways UK ( Interliging Flights ),,1F,CIF,United Kingdom,Y
CBM America,,,XBM,United States,Y
CCF Manager Airline,,,CCF,Germany,N
CCML Airlines,,CB,CCC,Colombia,Y
Cebu Pacific,,5J,CEB,Philippines,Y
Cecil Aviation,,,CIL,United Kingdom,N
CEDTA (Compania Ecuatoriana De Transportes Aereos),,,CED,Ecuador,N
Cega Aviation,,,CEG,United Kingdom,N
CEIBA Intercontinental,,,CEL,Equatorial Guinea,Y
Cello Aviation,,,CLJ,United Kingdom,Y
Celtic Airways,,,CEC,United Kingdom,N
Celtic West,,,CWE,United Kingdom,N
Centavia,,7N,CNA,Serbia,N
Cente D'Essais En Vol,,,CEV,France,N
Centennial Airlines,,,CNL,United States,N
Centennial Flight Centre,,,CNS,Canada,N
Center Vol,,,CVO,Spain,N
Center-South,,,CTS,Russia,N
Centrafrican Airlines,,,CET,Central African Republic,N
Central Air Express,,,CAX,Democratic Republic of Congo,N
Central Airlines,,,CTL,United States,N
Central Airways,,,CNY,Sierra Leone,N
Central American Airlines,,,ACN,Nicaragua,N
Central Aviation,,,YOG,United States,N
Central Connect Airlines,,,CCG,Czech Republic,Y
Central De Discos De Reynosa,,,DRN,Mexico,N
Central European Airlines,,,CMA,Czech Republic,N
Central Flying Service,,,CHA,United States,N
Central Mongolia Airways,,,CEM,Mongolia,N
Central Mountain Air,,,GLR,Canada,N
Central Queensland Aviation College,,,CQC,Australia,N
Central Skyport,,,CSI,United States,N
Centralwings,,C0,CLW,Poland,Y
Centre Airlines,,,DTV,United States,N
Centre of Applied Geodynamica,,,CGS,Russia,N
Centre-Avia,,J7,CVC,Russia,N
Centro de Formacion Aeronautica de Canarias,,,ACF,Spain,N
Centro De Helicopteros Corporativos,,,CCV,Mexico,N
Centurion Air Cargo,,WE,CWC,United States,N
Century Aviation,,,URY,Mexico,N
Century Aviation International,,,HAI,Canada,N
Certified Air Dispatch,,,XAD,United States,N
Cetraca Aviation Service,,,CER,Democratic Republic of the Congo,N
Chabahar Airlines,,,IRU,Iran,N
Chalair Aviation,,,CLG,France,N
Chalk's Ocean Airways,,OP,CHK,United States,N
Challenge Air Transport,,,CLS,Germany,N
Challenge Aviation,,,CHS,Australia,N
Challenge International Airlines,,,OFF,United States,N
Champagne Airlines,,,CPH,France,N
Champion Air,,MG,CCP,United States,N
Chanchangi Airlines,,,NCH,Nigeria,N
Changan Airlines,,2Z,CGN,China,N
Channel Island Aviation,,,CHN,United States,N
Chantilly Air,,,WML,United States,N
Chaparral Airlines,,,CPL,United States,N
Chari Aviation Services,,S8,CSU,Chad,N
Charlan Air Charter,,,CAH,South Africa,N
Charlie Hammonds Flying Service,,,HMD,United States,N
Charlotte Air National Guard,,,CGD,United States,N
Charter Air,,,CHW,Austria,Y
Chartright Air,,,HRT,Canada,N
Chautauqua Airlines,,RP,CHQ,United States,Y
CHC Airways,,AW,SCH,Netherlands,N
CHC Denmark,,,HBI,Denmark,N
CHC Helicopters,,,HEM,Australia,N
CHC Helikopter Service,,,HKS,Norway,N
CheapFlyingInternational,CheapFlying,WL,FQR,France,N
Cheboksary Airenterprise JSC,,,CBB,Russia,N
Chemech Aviation,,,CHM,Pakistan,N
Cherline,,,CHZ,Russia,N
Chernomor-Avia,,,CMK,Russia,N
Cherokee Express,,,CBM,United States,N
Cherry Air,,,CCY,United States,N
Chesapeake Air Service,,,CAB,United States,N
Chevron U.S.A,,,CVR,United States,N
Cheyenne Airways,,,CYA,United States,N
Chicago Air,,,CGO,United States,N
Chicago Express,,C8,WDY,United States,N
Chicago Express (C8),ATA Connection,C8,,United States,N
Chief Rat Flight Services,,,RAT,South Africa,N
Chilchota Taxi Aereo,,,CCH,Mexico,N
Chilcotin Caribou Aviation,,,DES,Canada,N
Chilliwack Aviation,,,CAD,Canada,N
Chim-Nir Aviation,,,ETN,Israel,N
China Airlines,,CI,CAL,Taiwan,Y
China Cargo Airlines,,CK,CKK,China,N
China Eastern Airlines,,MU,CES,China,Y
China Express Airlines,,,HXA,China,N
China Flying Dragon Aviation,,,CFA,China,N
China General Aviation Corporation,,,CTH,China,N
China National Aviation Corporation,,,CAG,China,N
China Northern Airlines,,CJ,CBF,China,N
China Northwest Airlines,,WH,CNW,China,N
China Northwest Airlines (WH),,WH,,China,Y
China Ocean Helicopter Corporation,,,CHC,China,N
China Postal Airlines,,8Y,CYZ,China,N
China Southern Airlines,,CZ,CSN,China,Y
China Southwest Airlines,,,CXN,China,N
China SSS,Chunqiu Airlines,9C,,China,Y
China United,,KN,,China,Y
China United Airlines,,HR,CUA,China,Y
China Xinhua Airlines,,XO,CXH,China,N
Chinguetti Airlines,,,CGU,Mauritania,N
Chipola Aviation,,,CEP,United States,N
Chippewa Air Commuter,,,CPW,United States,N
Chitaavia,,X7,CHF,Russia,N
Choice Airways,,,CSX,United States,Y
Chongqing Airlines,,OQ,CQN,China,Y
Christman Air System,,,CAS,United States,N
Christophorus Flugrettungsverein,,,OEC,Austria,N
Chrome Air Services,,,CHO,United States,N
Church Aircraft,,,CHU,United States,N
Church Fenton Flying Training Unit,,,CFN,United Kingdom,N
CI-Tours,,,VCI,Ivory Coast,N
Ciao Air,,99,,Italy,Y
Ciel Canadien,,YC,YCC,Canada,Y
Cielos Airlines,,A2,CIU,Peru,N
Cimber Air,,QI,CIM,Denmark,Y
Cirrus,,,RRU,Chile,N
Cirrus Air,,,NTS,United States,N
Cirrus Airlines,,C9,RUS,Germany,Y
Cirrus Middle East,,,JTI,Lebanon,N
Citationshares,,,FIV,United States,N
Citibank,,,XCX,United States,N
Citic General Aviation,,,HZX,China,N
Citilink Indonesia,,QG,,Indonesia,Y
City Airline,,CF,SDR,Sweden,Y
City Airways,,E8,GTA,Thailand,Y
City Connexion Airlines,,G3,CIX,Burundi,Y
City of Bangor,,,XBG,United States,N
City-Air Germany,,,CIP,Germany,N
Cityair (Chester) Limited,,,CAQ,United Kingdom,N
Cityfly,,,CII,Italy,N
CityJet,,WX,BCY,Ireland,Y
Cityline Hungary,,,CNB,Hungary,N
Citylink Airlines,,,HSR,United States,N
Civair Airways,,,CIW,South Africa,N
Civil Air Patrol South Carolina Wing,,,BKR,United States,N
Civil Air Transport,,CT,CAT,Taiwan,N
Civil Aviation Authority,,,CIA,Slovakia,N
Civil Aviation Authority of New Zealand,,,CIV,New Zealand,N
Civil Aviation Inspectorate of the Czech Republic,,,CBA,Czech Republic,N
CKC Services,,,CKC,United States,N
Claessens International Limited,,,FMC,United Kingdom,N
Clark Aviation,,,CLK,United States,N
Clasair,,,CSF,United Kingdom,N
Clay Lacy Aviation,,,CLY,United States,N
Click (Mexicana),,QA,,Mexico,Y
Click Airways,,,CGK,Kyrgyzstan,Y
Cloud 9 Air Charters,,,CLZ,South Africa,N
Clowes Estates Limited,,,CLD,United Kingdom,N
Club 328,,,SDJ,United Kingdom,N
Club Air,,6P,ISG,Italy,N
CM Stair,,,CMZ,Mauritania,N
CNET,,,CNT,France,N
COAPA AIR,,,OAP,Mexico,N
Coast Air,,BX,CST,Norway,N
Coastal Air,,DQ,,United States,Y
Coastal Air Transport,,,TCL,United States,N
Coastal Airways,,,CNG,United States,N
Coastal Travels,,,CSV,Tanzania,N
COBALT,COBALT,,FCB,Cyprus,Y
Cohlmia Aviation,,,CHL,United States,N
Colaereos,,,OLR,Ecuador,N
Colemill Enterprises,,,CLE,United States,N
Colgan Air,,9L,CJC,United States,Y
Colibri Aviation,,,CAE,Canada,N
Colt International,,,CCX,United States,N
Coltishall Flying Training Unit,,,COH,United Kingdom,N
Columbia Airlines,,,COL,Canada,N
Columbia Helicopters,,,WCO,United States,N
Columbus Air Transport,,,KLR,United States,N
Colvin Aviation,,,GHP,United States,N
Comair,,OH,COM,United States,Y
COMAV,,,PDR,Namibia,N
Comed Group,,,CDE,United Kingdom,N
Comeravia,,,CVV,Venezuela,N
Comercial Aerea,,,CRS,Mexico,N
Comet Airlines,,,CMG,Nigeria,N
Comfort Air,,,FYN,Germany,N
Comfort Express Virtual Charters,,,CEO,United States,Y
Comfort Express Virtual Charters Albany,,,EVC,United States,Y
Comlux Aviation,,,CLA,Switzerland,N
Commair Aviation,,,CMH,United Kingdom,N
Commandement Du Transport Aerien Militaire Francais,,,CTM,France,N
Commander Air Charter,,,CML,Canada,N
Commander Mexicana,,,CRM,Mexico,N
Commercial Aviation,,,CMS,Canada,N
Commodore Aviation,,,GAR,Australia,N
Commonwealth Jet Service,,,CJS,United States,N
CommutAir,,C5,UCA,United States,Y
Comores Airlines,,KR,CWK,Comoros,Y
Compagnia Generale Ripreseaeree,,,CGR,Italy,N
Compagnie Aerienne du Mali,,,CMM,Mali,N
Compagnie Africaine d\\'Aviation,,E9,,Congo (Kinshasa),Y
Compagnie de Bauxites de Guinee,,,GIC,Guinea,N
Compagnie Mauritanienne Des Transports,,,CPM,Mauritania,N
Compangnie Nationale Naganagani,,,BFN,Burkina Faso,N
Compania Aerea de Valencia,,,AIF,Spain,N
Compania Aerotecnicas Fotograficas,,,ATF,Spain,N
Compania Boliviana de Transporte Aereo Privado Aerosur,,,ASU,ASUR,N
Compania De Actividades Y Servicios De Aviacion,,,LCT,Spain,N
Compania de Aviacion Faucett,,,CFP,Peru,N
Compania de Servicios Aereos Tavisa,,,TAV,Spain,N
Compania Ejecutiva,,,EJV,Mexico,N
Compania Helicopteros Del Sureste,,,HSE,Spain,N
Compania Mexicana De Aeroplanos,,,MDR,Mexico,N
Compania Mexicargo,,GJ,MXC,Mexico,N
Compania Transportes Aereos Del Sur,,,HSS,Spain,N
Company Flight,,,CYF,Denmark,N
Compass Airlines,,CP,CPZ,United States,Y
Compass Airlines (Australia),Southern Cross Airlines,,CYM,Australia,N
Compass International Airways,,,CPS,United Kingdom,N
Compuflight Operations Service,,,XCO,United States,N
Compuserve Incorporated,,,XCS,United States,N
Comtel Air,,,COE,Austria,Y
Conair Aviation,,,CRC,Canada,N
Concordavia,,,COD,Ukraine,N
Condor,,,CIB,Germany,N
Condor Aero Services,,,CNR,United States,N
Condor Flugdienst,,DE,CFG,Germany,Y
Confort Air,,,COF,Canada,N
Congo Air,,,CAK,Bahamas,N
Congo Express,,XZ,,Congo (Kinshasa),Y
Congressional Air,,,CGA,United States,N
Conifair Aviation,,,ROY,Canada,N
Coningsby Flying Training Unit,,,CBY,United Kingdom,N
Connectair Charters,,,BSN,Canada,N
ConneX European Airline,,,2CO,Austria,Y
Conquest Airlines,,,CAC,United States,N
Conroe Aviation Services,,,CXO,United States,N
Consorcio Aviaxsa,,6A,CHP,Mexico,Y
Consorcio Helitec,,,VCH,Venezuela,N
Constanta Airline,,,UZA,Ukraine,N
Contact Air,Contactair,C3,KIS,Germany,Y
Contel ASC,,,XCL,United States,N
Continental Airlines,,CO,COA,United States,Y
Continental Airways,,PC,PVV,Russia,N
Continental Express,,CO,,United States,Y
Continental Micronesia,,CS,CMI,United States,Y
Continental Oil,,,CON,United States,N
Conviasa,,V0,VCV,Venezuela,Y
Cook Inlet Aviation,,,CKA,United States,N
Cook Island Air,,KH,,Cook Islands,N
Cooper Aerial Surveys,,,SVY,United Kingdom,N
Copa Airlines,,CM,CMP,Panama,Y
Copenhagen Airtaxi,,,CAT,Denmark,N
Copenhagen Express,,0X,CX0,Denmark,Y
Copper State Air Service,,,COP,United States,N
Copterline,,,AAQ,Finland,Y
Coptrade Air Transport,,,CCW,Sudan,N
Corendon Airlines,,,CAI,Turkey,Y
Coronado Aerolineas,,,CRA,Colombia,N
Corpac Canada,,,CPB,Canada,N
Corporacion Aereo Cencor,,,CNC,Mexico,N
Corporacion Aeroangeles,,,CPG,Mexico,N
Corporacion Paraguaya De Aeronautica,,,CGY,Paraguay,N
Corporate Air,,,CPT,United States,N
Corporate Aircraft Company,,,CPO,United States,N
Corporate Airlink,,,COO,Canada,N
Corporate Aviation Services,,,CKE,United States,N
Corporate Flight International,,,VHT,United States,N
Corporate Flight Management,,,VTE,United States,N
Corporate Jets,,,CJI,United States,N
Corsairfly,,SS,CRL,France,Y
Corse-Mediterranee,,XK,CCM,France,Y
Cosmic Air,,F5,COZ,Nepal,N
Cottesmore Flying Training Unit,,,COT,United Kingdom,N
Cougar Helicopters,,,CHI,Canada,N
Coulson Flying Service,,,MGB,United Kingdom,N
Country Connection Airlines,,,NSW,Australia,N
Country International Airlines,,,CIK,Kyrgyzstan,N
Courier Services,,,CSD,United States,N
Court Helicopters,,,CUT,South Africa,N
Court Line,,??,???,United Kingdom,N
Coval Air,,,CVL,Canada,N
Cowi,,,COW,Netherlands,N
Coyne Aviation,,,COY,United Kingdom,N
Cranfield University,,,CFD,United Kingdom,N
Cranwell Flying Training Unit,,,CWL,United Kingdom,N
Cree Airways,,,CRE,Canada,N
Crelam,,,ELM,Mexico,N
Crest Aviation,,,CAN,United Kingdom,Y
CRI Helicopters Mexico,,,CRH,Mexico,N
Crimea Universal Avia,,,KRM,Ukraine,N
Croatia Airlines,,OU,CTN,Croatia,Y
Croatian Air Force,,,HRZ,Croatia,N
Cross Aviation,,,CRX,United Kingdom,N
Crossair Europe,,QE,ECC,Switzerland,N
Crow Executive Air,,,CWX,United States,N
Crown Air Systems,,,CKR,United States,N
Crown Airways,,,CRO,United States,Y
Crownair,,,CRW,Canada,N
Cruiser Linhas Aereas,,,VCR,Brazil,N
Cruzeiro do Sul Servicos Aereos,,,CRZ,Brazil,N
Cryderman Air Service,,,CTY,United States,N
Crystal Shamrock,,,CYT,United States,N
CSA Air,,,IRO,United States,N
CSE Aviation,,,CSE,United Kingdom,N
CTK Network Aviation,,,CTQ,Ghana,N
Cubana de Aviación,,CU,CUB,Cuba,Y
Cumberland Airways (Nicholson Air Service),,,CBL,United States,N
Custom Air Transport,,,CTT,United States,N
Cygnus Air,,,RGN,Spain,N
Cyprair Tours,,,CYC,Cyprus,N
Cypress Airlines,,,CYS,Canada,N
Cyprus Airways,,CY,CYP,Cyprus,Y
Cyprus Turkish Airlines,,YK,,Turkey,Y
Czech Air Force,,,CEF,Czech Republic,N
Czech Air Handling,,,AHD,Czech Republic,N
Czech Airlines,CSA Czech Airlines,OK,CSA,Czech Republic,Y
Czech Government Flying Service,,,CIE,Czech Republic,N
D & D Aviation,,,DDA,United States,N
D&K Aviation,,,DNK,United States,N
Daallo Airlines,,D3,DAO,Djibouti,Y
Dagestan Airlines,,N2,DAG,Russia,N
Dahla Airlines,,,DHA,Democratic Republic of Congo,N
Daimler Chrysler Aviation,,,DCS,Germany,N
Daimler-Chrysler,,,DCX,United States,N
Daka,,,DKA,Kazakhstan,N
Dala Air Services,,,DLR,Nigeria,N
Dalavia,,H8,KHB,Russia,Y
Dallas Express Airlines,,,DXP,United States,N
Damascene Airways,,,DAS,Syrian Arab Republic,N
Dan-Air London,,,DAN,United Kingdom,N
Dana Air,,DA,,Nigeria,Y
Danbury Airways,,,DSA,United States,N
Dancopter,,,DOP,Denmark,N
Danish Air Force,,,DAF,Denmark,N
Danish Army,,,DAR,Denmark,N
Danish Navy,,,DNY,Denmark,N
Danu Oro Transportas,,,DNU,Lithuania,N
Danube Wings (V5),,V5,,Slovakia,Y
DAP Helicopteros,,,DHE,Chile,N
Darta,,,DRT,France,N
Darwin Airline,,0D,DWT,Switzerland,Y
DAS Air Cargo,,WD,DSR,Uganda,N
DAS Airlines,,,RKC,Democratic Republic of the Congo,N
Dasab Airlines,,,DSQ,Uganda,N
Dash Air Charter,,,DSH,United States,N
Dash Aviation,,,GOB,United Kingdom,N
Dasnair,,,DGX,Switzerland,N
Dassault Aviation,,,DAB,France,N
Dassault Falcon Jet Corporation,,,CVF,United States,N
Dassault Falcon Service,,,DSO,France,N
DAT Danish Air Transport,,DX,DTR,Denmark,Y
DAT Enterprise Limited,,,ENT,United Kingdom,N
Data International,,,DTN,Sudan,N
Date Transformation Corp,,,XDT,United States,N
Dauair,,D5,DAU,Germany,N
David Crawshaw Consultants Limited,,,DCO,United Kingdom,N
Dawn Air,,,DWN,United States,N
Daya Aviation,,,DAY,Sri Lanka,N
DayJet,,,DJS,United States,N
dba,,DI,BAG,Germany,Y
De Havilland,,,DHC,Canada,N
Deadalos Flugtbetriebs,,,IAY,Austria,N
Decatur Aviation,,,DAA,United States,N
Deccan Aviation,,,DKN,India,N
Deccan Aviation (Lanka),,,DLK,Sri Lanka,N
Deer Jet,,,DER,China,N
Deere and Company,,,JDC,United States,N
Delaware Skyways,,,DWR,United States,N
Delta Aerotaxi,,,DEA,Italy,Y
Delta Air Charter,,,SNO,Canada,N
Delta Air Elite,,,ELJ,United States,N
Delta Air Lines,,DL,DAL,United States,Y
Delta Engineering Aviation,,,KMB,United Kingdom,N
Delta Express International,,,DLI,Ukraine,N
Delta State University,,,DSU,United States,N
Denim Air,,,DNM,Netherlands,Y
Dennis Sky,Dennis Sky Holding,DH,DSY,Israel,Y
Dense Airways,,KP,DWA,United States,Y
Dense Connection,,KZ,DC2,United States,Y
Denver Express,,,FEC,United States,N
Denver Jet,,,DJT,United States,N
Departmento De Agricultura De La Generalitat De Cataluna,,,FGC,Spain,N
DERA Boscombe Down,,,BDN,United Kingdom,N
Deraya Air Taxi,,,DRY,Indonesia,N
Des R Cargo Express,,,DRX,Mauritania,N
Desarrollo Milaz,,,MIZ,Mexico,N
DESNA,,,DSN,Ukraine,N
Destiny Air Services,,,DTY,Sierra Leone,N
DETA Air,,,DET,Kazakhstan,N
Deutsche Bahn,,2A,,Germany,Y
Deutsche Luftverkehrsgesellschaft,,DW,DLT,Germany,N
Deutsche Luftverkehrsgesellschaft (DLT),,DW,DWD,Germany,N
Deutsche Rettungsflugwacht,,1I,AMB,Germany,N
Deutsches Zentrum fur Luft-und Raumfahrt EV,,,LFO,Germany,N
Dexter (DXT),Декстер авиатакси,,DXT,Russia,N
DFS UK Limited,,,VLF,United Kingdom,N
DGO Jet,,,DGO,Mexico,N
DHL Aero Expreso,,,DAE,Panama,N
DHL Air,,,DHK,United Kingdom,N
DHL Aviation,,,DHV,South Africa,N
DHL de Guatemala,,L3,JOS,Guatemala,N
DHL International,,ES,DHX,Bahrain,N
Di Air,,,DIS,Serbia,N
Diamond Aviation,,,SPK,United States,N
Didier Rousset Buy,,,DRB,Chile,N
Digital Equipment Corporation,,,DGT,United States,N
Dinar,,D7,RDN,Argentina,N
Diplomatic Freight Services,,,DIP,United Kingdom,N
Direccion General de Aviacion Civil y Telecomunicasciones,,,ENA,Spain,N
Direct Aero Services,,,DSV,Romania,Y
Direct Air,,,DIA,United States,N
Direct Air trading as Midway Connection,,,XAP,United States,N
Direct Flight,,,DCT,United Kingdom,N
Dirgantara Air Service,,AW,DIR,Indonesia,N
Discover Air,,,DCV,United States,N
Discovery Airways,,DH,DVA,United States,N
Dispatch Services,,,XDS,United States,N
Dix Aviation,,,DIX,Germany,N
Dixie Airways,,,DEE,United States,N
Djibouti Airlines,,D8,DJB,Djibouti,Y
DLR,,,GPL,Germany,N
Dniproavia,,,UDN,Ukraine,Y
Dobrolet,Добролёт,QD,DOB,Russia,Y
Dolphin Express Airlines,,,IXX,United States,N
Dome Petroleum,,,DPL,Canada,N
Domenican Airlines,Domenican,D1,MDO,Dominican Republic,Y
Dominguez Toledo (Grupo Mayoral),,,MYO,Spain,N
Dominicana de Aviaci,,DO,DOA,Dominican Republic,Y
Domodedovo Airlines,,E3,DMO,Russia,Y
Don Avia,,,DVB,Kazakhstan,N
Donair Flying Club,,,DON,United Kingdom,N
DonbassAero,,5D,UDC,Ukraine,Y
Dorado Air,,,DAD,Dominican Republic,N
Dornier,,,DOR,Germany,N
Dornier Aviation Nigeria,,,DAV,Nigeria,N
Dos Mundos,,,DOM,Dominican Republic,N
Dragonair,,KA,HDA,DRAGON,Y
Dreamcatcher Airways,,,DCA,United Kingdom,N
Druk Air,,KB,DRK,Bhutan,Y
Drummond Island Air,,,DRE,United States,N
DSWA,,,RSK,United States,N
Dubai Airwing,,,DUB,United Arab Emirates,N
Dubrovnik Air,,,DBK,Croatia,Y
Ducair,,,DUK,Luxembourg,N
Duchess of Britany (Jersey) Limited,,,DBJ,United Kingdom,N
Dummy,,0E,,France,N
Dun'Air,,,DUN,Mauritania,N
Duncan Aviation,,,PHD,United States,N
Dunyaya Bakis Hava Tasimaciligi,,,VVF,Turkey,N
Duo Airways,,,DUO,United Kingdom,N
Durango Jet,,,DJE,Mexico,N
Dutch Antilles Express,,,DNL,Netherlands Antilles,Y
Dutch Caribbean Express,,,DCE,Netherlands Antilles,N
Dutchbird,,,DBR,Netherlands,N
Dwyer Aircraft Services,,,DFS,United States,N
Dynair Services,,,XDY,United States,N
Dynamair Aviation,,,DNR,Canada,N
Dynamic Air,,,DYE,Netherlands,N
Dynamic Airways,,,DYA,United States,Y
E H Darby Aviation,,,EHD,United States,N
EAA Escola De Aviacao Aerocondor,,,EAD,Portugal,N
Eagle Aero,,,ICR,United States,N
Eagle Air,,,EGR,Sierra Leone,N
Eagle Air Company,,,EGX,Thailand,N
Eagle Air Iceland,,,FEI,Iceland,N
Eagle Atlantic Airlines,,E2,,Ghana,Y
Eagle Aviation,,,EGU,Uganda,N
Eagle Aviation France,,,EGN,France,N
Eagle Canyon Airlines,,,TLO,United States,N
Eagle International,,,SEG,Senegal,N
Eagle Jet Charter,,,EGJ,United States,N
Eaglemed (Ballard Aviation),,,EMD,United States,N
Eagles Airlines,,,EGS,Italy,Y
Earth Airlines Services,,,ERX,Nigeria,N
East African,,QU,UGX,Uganda,Y
East African Safari Air,,S9,HSA,Kenya,N
East African Safari Air Express,,,EXZ,Kenya,N
East Asia Airlines,,,EMU,Macao,N
East Coast Airways,,,ECT,South Africa,N
East Coast Jets,,,ECJ,United States,N
East Hampton Aire,,,EHA,United States,N
East Horizon,,,EHN,Afghanistan,Y
East Kansas City Aviation,,,EKC,United States,N
East Midlands Helicopters,,,CTK,United Kingdom,N
East Star Airlines,,,DXH,China,N
East-West Airlines,,,EWA,Australia,N
Eastar Jet,,ZE,ESR,South Korea,Y
Eastern Air,,,EAZ,Zambia,N
Eastern Air Executive,,,EAX,United Kingdom,N
Eastern Airways,,T3,EZE,United Kingdom,Y
Eastern Atlantic Charters,,,EDI,United States,N
Eastern Atlantic Virtual Airlines,,13,EAV,United States,Y
Eastern Australia Airlines,,,EAQ,Australia,N
Eastern Carolina Aviation,,,ECI,United States,N
Eastern Executive Air Charter,,,GNS,United Kingdom,N
Eastern Express,,,LIS,Kazakhstan,N
Eastern Metro Express,,,EME,United States,N
Eastern Pacific Aviation,,,EPB,Canada,N
Eastern Sky Jets,,,ESJ,United Arab Emirates,N
Eastland Air,,DK,ELA,Australia,Y
Eastok Avia,,,EAA,Kyrgyzstan,Y
Eastwind Airlines,,W9,SGR,United States,N
Easy Link Aviation Services,,,FYE,Nigeria,N
EasyFly,,,EFY,Colombia,Y
easyJet,EasyJet Airline,U2,EZY,United Kingdom,Y
EasyJet (DS),,DS,,Switzerland,Y
Eckles Aircraft,,,CMN,United States,N
Eclipse Aviation,,,EJT,United States,N
Eco Air,,,ECQ,Nigeria,N
Ecoair,,,DEI,Algeria,N
Ecomex Air Cargo,,,ECX,Angola,N
Ecotour,,,ECD,Mexico,N
Ecoturistica de Xcalak,,,XCC,Mexico,N
Ecuatoguineana De Aviacion (EGA),,,ECV,Equatorial Guinea,N
Ecuatorial Cargo,,,EQC,Equatorial Guinea,N
Ecuavia,,,ECU,Ecuador,Y
Edelweiss Air,,WK,EDW,Switzerland,Y
Edgartown Air,,,SLO,United States,N
Edinburgh Air Charter,,,EDC,United Kingdom,N
Edwards Jet Center of Montana,,,EDJ,United States,N
EFAOS- Agencia De Viagens e Turismo,,,EFS,Angola,N
Efata Papua Airlines,,,EIJ,Indonesia,N
EFD Eisele Flugdienst,,,EFD,Germany,N
EFS-Flugservice,,,FSD,Germany,N
Egyptair,,MS,MSR,Egypt,Y
Egyptair Cargo,,,MSX,Egypt,N
EgyptAir Express,,,MSE,Egypt,Y
Egyptian Air Force,,,EGY,Egypt,N
Egyptian Aviation,,,EJX,Egypt,N
Egyptian Aviation Company,,,EMA,Egypt,N
Ei Air Exports,,,EIX,Ireland,N
Eirjet,,,EIR,Ireland,N
EIS Aircraft,,,EIS,Germany,N
El Al Israel Airlines,,LY,ELY,Israel,Y
El Caminante Taxi Aereo,,,CMX,Mexico,N
El Quilada International Aviation,,,GLQ,Sudan,N
El Sal Air,,,ELS,El Salvador,N
El Sol De America,,,ESC,Venezuela,N
El-Buraq Air Transport,,UZ,BRQ,Libya,Y
Elan Express,,,ELX,United States,N
Elbe Air Transport,,,LBR,Germany,N
Elbrus-Avia Air Enterprise,,,NLK,Russia,N
Eldinder Aviation,,,DND,Sudan,N
Electronic Data Systems,,1C,,Switzerland,N
Elicar,,,PDV,Italy,N
Elidolomiti,,,EDO,Italy,N
Elieuro,,,ELB,Italy,N
Elifriulia,,,EFG,Italy,N
Elilario Italia,,,ELH,Italy,N
Elilombarda,,,EOA,Italy,N
Elimediterranea,,,MEE,Italy,N
Elios,,,VUL,Italy,N
Eliossola,,,EOS,Italy,N
Elipiu',,,IEP,Italy,N
Elisra Airlines,,,RSA,Sudan,N
Elite Air,,,EAI,Togo,N
Elite Jets,,,EJD,United Arab Emirates,N
Elitellina,,,FGS,Italy,N
ELK Airways,,--,ELK,Estonia,Y
Elliott Aviation,,,ELT,United States,N
Elmagal Aviation Services,,,MGG,Sudan,N
Elrom Aviation and Investments,,,ELR,Israel,N
Elysian Airlines,,E4,GIE,Cameroon,Y
Embassy Airlines,,,EAM,Nigeria,N
Embassy Freight Company,,,EFT,United States,N
Embry-Riddle Aeronautical University,,,XSL,United States,N
Emerald Airways,,,JEM,United Kingdom,N
Emery Worldwide Airlines,,,EWW,United States,N
Emetebe,,,EMT,Ecuador,N
Emirates,Emirates Airlines,EK,UAE,United Arab Emirates,Y
Emoyeni Air Charter,,,SBC,South Africa,N
Empire Air Service,,,EMP,United States,N
Empire Airlines,,EM,CFS,United States,N
Empire Aviation Services,,,MPR,Nigeria,N
Empire Test Pilots' School,,,ETP,United Kingdom,N
Empresa (Aero Uruguay),,,AUO,UNIFORM OSCAR,N
Empresa Aero-Servicios Parrague,,,PRG,Chile,N
Empresa Aerocaribbean,,,CRN,Cuba,N
Empresa Aviacion Interamericana,,,VNA,Uruguay,N
Empresa Brasileira De Aeronautica,,,EMB,Brazil,N
Empresa de Aviacion Aerogaviota,,,GTV,Cuba,N
Empresa Ecuatoriana De Aviacion,,EU,EEA,Ecuador,Y
Empresa Nacional De Servicios Aereos,,,CNI,Cuba,N
Empresa Venezolana,,,VNE,Venezuela,N
Empressa Brasileira de Infra-Estrutura Aeroportuaria-Infraero,,,XLT,Brazil,N
Endecots,,,ENC,Ecuador,N
Enerjet,,,ENJ,Canada,Y
Enimex,,,ENI,Estonia,N
Enkor JSC,,G8,ENK,Russia]],N
Enrique Gleisner Vivanco,,,EGV,Chile,N
Ensenada Vuelos Especiales,,,ESE,Mexico,N
ENTERair,,,QQQ,Poland,Y
Entergy Services,,,ENS,United States,N
Enterprise World Airways,,,EWS,Democratic Republic of the Congo,N
Envoy Air,,,ENY,United States,Y
Eos Airlines,,E0,ESS,United States,N
EPAG Groupe Air France,,,IAG,France,N
Epic Holiday,Epic Holidays,FA,4AA,United States,Y
Epps Air Service,,,EPS,United States,N
Equaflight Service,,,EKA,Republic of the Congo,N
Equatair Air Services (Zambia),,,EQZ,Zambia,N
Equatorial Airlines,,,EQT,Equatorial Guinea,N
Era Alaska,,7H,ERR,United States,Y
Era Helicopters,,,ERH,United States,N
Eram Air,,,IRY,Iran,N
Erfoto,,,ERF,Portugal,N
Erie Airways,,,ERE,United States,N
Eritrean Airlines,,B8,ERT,Eritrea,Y
Escuela De Pilotos Are Aviacion,,,CTV,Spain,N
ESI Eliservizi Italiani,,,ESI,Italy,N
Espace Aviation Services,,,EPC,Democratic Republic of the Congo,N
Esso Resources Canada,,,ERC,Canada,N
Estafeta Carga Aerea,,E7,ESF,Mexico,N
Estonian Air,,OV,ELL,Estonia,Y
Estrellas Del Aire,,,ETA,Mexico,N
Ethiopian Airlines,,ET,ETH,Ethiopia,Y
Eti 2000,,,MJM,Italy,N
Etihad Airways,,EY,ETD,United Arab Emirates,Y
Etram Air Wing,,,ETM,Angola,N
EU Airways,,,EUY,Ireland,N
EUjet,,VE,EUJ,Ireland,N
Euraviation,,,EVN,Italy,N
Euro Continental AIE,,,ECN,Spain,N
Euro Exec Express,,RZ,,Sweden,Y
Euro Harmony,Euro Harmony,EH,EHM,Portugal,N
Euro Jet,,24,,Germany,Y
Euro Sun,,,ESN,Turkey,N
Euro-Asia Air,,,EAK,Kazakhstan,N
Euro-Asia Air International,,,KZE,Kazakhstan,N
Euroair,,,EUP,Greece,N
Euroamerican Air,,,EUU,Uruguay,N
EuroAtlantic Airways,,,MMZ,Portugal,N
Euroceltic Airways,,,ECY,United Kingdom,N
Eurocontrol,,,EUC,Belgium,N
Eurocopter,,,ECF,France,N
Eurocypria Airlines,,UI,ECA,Cyprus,Y
Eurofly,,,EEZ,Italy,N
Eurofly Service,,GJ,EEU,Italy,Y
Euroguineana de Aviacion,,,EUG,Equatorial Guinea,N
EuroJet Aviation,,,GOJ,United Kingdom,N
Eurojet Italia,,,ERJ,Italy,N
Eurojet Limited,,,JLN,Malta,N
Eurojet Romania,,,RDP,Romania,N
Eurojet Servis,,,EJS,Czech Republic,N
Euroline,,4L,MJX,Georgia,Y
Eurolot,,K2,ELO,Poland,Y
Euromanx Airways,,3W,EMX,Austria,N
Europe Air Lines,,,GED,France,N
Europe Airpost,,,FPO,France,N
Europe Jet,Europe Jet,EX,EU9,France,Y
European 2000 Airlines,,,EUT,Malta,N
European Aeronautical Group UK,,,EAG,United Kingdom,N
European Air Express,,EA,EAL,Germany,Y
European Air Transport,,QY,BCS,Belgium,N
European Aviation Air Charter,,E7,EAF,United Kingdom,N
European Business Jets,,,EBJ,United Kingdom,N
European Coastal Airlines,,,ECB,Croatia,N
European Executive,,,ETV,United Kingdom,N
European Executive Express,,,EXC,Sweden,N
EuropeSky,,ES,EUV,Germany,Y
Eurosense,,,EBG,Bulgaria,N
Euroskylink,,,ESX,United Kingdom,N
Eurowings,,EW,EWG,Germany,Y
EVA Air,,BR,EVA,Taiwan,Y
Evergreen International Airlines,,EZ,EIA,United States,Y
Everts Air Alaska/Everts Air Cargo,,,VTS,United States,N
Examiner Training Agency,,,EMN,United Kingdom,N
Excel Airways,,JN,XLA,United Kingdom,Y
Excel Charter,,,XEL,United Kingdom,Y
Excellent Air,,,GZA,Germany,N
Execair Aviation,,MB,EXA,Canada,N
Execujet Charter,,,VCN,Switzerland,N
Execujet Middle East,,,EJO,United Arab Emirates,N
Execujet Scandinavia,,,VMP,Denmark,N
Executive Aerospace,,,EAS,South Africa,N
Executive Air,,,LFL,Zimbabwe,N
Executive Air Charter,,,EAC,United States,N
Executive Air Fleet,,,XAF,United States,N
Executive Aircraft Charter and Charter Services,,,ECS,Ireland,N
Executive Aircraft Services,,,XAH,United Kingdom,N
Executive Airlines,,OW,EXK,United States,N
Executive Airlines Services,,,EXW,Nigeria,N
Executive AirShare,,,XSR,United States,Y
Executive Aviation Services,,,JTR,United Kingdom,N
Executive Flight,,,EXE,United States,N
Executive Flight Operations Ontario Government,,,TRI,Canada,N
Executive Jet Charter,,,EXJ,United Kingdom,N
Executive Jet Management,,,EJM,United States,N
Executive Turbine Aviation,,,TEA,South Africa,N
Eximflight,,,EXF,Mexico,N
Exin,,,EXN,Poland,N
Expertos En Carga,,,EXR,Mexico,N
Expo Aviation,,8D,EXV,Sri Lanka,N
Express Air,,,FXA,United States,N
Express Air Charter,,,RXX,Canada,N
Express International Cargo,,,EIC,S,N
Express Line Aircompany,,,XPL,United States,N
Express Net Airlines,,,XNA,United States,N
Express One International,,EO,LHN,United States,Y
Express Tours,,,XTO,Canada,N
ExpressJet,,XE,BTA,United States,Y
Exxavia Limited,,,JTM,Ireland,N
Eznis Airways,,,EZA,Mongolia,Y
F.S. Air Service,,,EYE,United States,N
Fab Air,,,FBA,Kyrgyzstan,N
Facts Air,,,FCS,Mexico,N
FAI Airservice,,,IFA,Germany,N
Fair Aviation,,,FAV,South Africa,N
Fair Wind Air Charter,,,FWD,United Arab Emirates,N
Fairlines,,,FLS,Netherlands,N
Fairoaks Flight Centre,,,FFC,United Kingdom,N
Fairways Corporation,,,FWY,United States,N
Falcon Air,,,FCN,Sweden,N
Falcon Air (IH),,IH,,Sweden,N
Falcon Air Express,,,FAO,United States,N
Falcon Airline,,,FAU,Nigeria,N
Falcon Aviation,,IH,,Sweden,N
Falcon Aviation Services,,,FVS,United Arab Emirates,N
Falcon Jet Centre,,,FJC,United Kingdom,N
Falwell Aviation,,,FAW,United States,N
Far Eastern Air Transport,,EF,EFA,Taiwan,Y
Farmingdale State University,,,FDL,United States,N
Farnair Hungary,,,FAH,Hungary,N
Farnair Netherlands,,,FRN,Netherlands,N
Farnair Switzerland,,,FAT,Switzerland,N
Farnas Aviation Services,,,RAF,Sudan,N
Faroecopter,,,HBL,Denmark,N
Faroejet,,F6,RCK,Faroe Islands,N
Fars Air Qeshm,,,QFZ,Iran,Y
Farwest Airlines,,,FRW,United States,N
Faso Airways,,F3,FSW,Burkina Faso,N
Fast Helicopters,,,FHL,United Kingdom,N
Fayban Air Services,,,FAY,Nigeria,N
Fayetteville Flying Service and Scheduled Skyways System,,,SKM,United States,N
Federal Air,,,FDR,South Africa,N
Federal Airlines,,,FLL,Sweden,N
Federal Armed Forces,,,DCN,Germany,N
Federal Armored Service,,,FRM,United States,N
Federal Aviation Administration,,,NHK,United States,N
Federal Express,,FX,FDX,United States,N
Feeder Airlines,,,FDD,Sudan,Y
Felix Airways,,FU,FXX,Yemen,Y
Feniks Airline,,,FNK,Kazakhstan,N
Feria Aviacion,,,FER,Spain,N
Fika Salaama Airlines,,N8,HGK,Uganda,N
Finalair Congo,,4S,FNC,Republic of the Congo,N
Financial Airxpress,,,FAK,United States,N
Fine Airlines,,,FBF,United States,N
FINFO Flight Inspection Aircraft,,,FLC,United States,N
Finist'air,,,FTR,France,N
Finlandian,,,FN1,Finland,Y
Finnair,,AY,FIN,Finland,Y
Finncomm Airlines,,FC,WBA,Finland,Y
Finnish Air Force,,,FNF,Finland,N
Firefly,,FY,FFM,Malaysia,Y
First Air,,7F,FAB,Canada,Y
First Air Transport,,,JRF,Japan,N
First Cambodia Airlines,,,FCC,Cambodia,N
First Choice Airways,,DP,FCA,United Kingdom,Y
First City Air,,,MBL,United Kingdom,N
First Flying,,,DAK,Japan,Y
First Flying Squadron,,,GGA,United States,N
First Line Air,,,FIR,Sierra Leone,N
First Sabre,,,FTS,Mexico,N
Fischer Air,,8F,FFR,Czech Republic,N
Fischer Air Polska,,,FFP,Poland,N
Flagship Express Services,,,FSX,United States,N
Flair Airlines,,,FLE,Canada,N
Flamenco Airways,,,WAF,United States,N
Flamingo Air,,,FMR,United States,N
Flamingo Air-Line,,,FLN,Kazakhstan,N
Flash Airlines,,,FSH,Egypt,N
Fleet Requirements Air Direction Unit,,,BWY,United Kingdom,N
Fleetair,,,FLR,South Africa,N
Flexair,,,FXY,Netherlands,N
Flexflight,,,FXT,Denmark,N
Flight Alaska,,,TUD,United States,N
Flight Calibration Service,,,FCK,Germany,N
Flight Centre Victoria,,,FCV,Canada,N
Flight Corporation,,,FCP,New Zealand,N
Flight Dispatch Services,,,FDP,Poland,N
Flight Express,,,FLX,United States,N
Flight Inspection Center of the General Administration of Civil Aviation in China,,,CFI,China,N
Flight Inspections and Systems,,,LTS,Russia,N
Flight International,,,IVJ,United States,N
Flight Line,,,MIT,United States,N
Flight Ops International,,,FOI,United States,N
Flight Options,,,OPT,United States,N
Flight Precision Limited,,,CLB,United Kingdom,N
Flight Safety Limited,,,FSL,United Kingdom,N
Flight Support Sweden,,,FSU,Sweden,N
Flight Trac,,,CCK,United States,N
Flight Training Europe,,,AYR,Spain,N
Flight West Airlines,,,FWQ,Australia,N
Flight-Ops International,,,KLO,Canada,N
Flightcraft,,,CSK,United States,N
Flightexec,,,FEX,Canada,N
Flightline,,B5,FLT,United Kingdom,Y
Flightlink Tanzania,Flightlink,Z9,,Tanzania,Y
Flightpass Limited,,,FPS,United Kingdom,N
Flightstar Corporation,,,FSR,United States,N
Flightworks,,,KDZ,United States,N
Flint Aviation Services,,,FAZ,United States,N
Flitestar,,GM,===,South Africa,N
FLM Aviation Mohrdieck,,,FKI,Germany,N
Florida Air,,,OJY,United States,N
Florida Coastal Airlines,,PA,FCL,United States,N
Florida Department of Agriculture,,,FFS,United States,N
Florida Jet Service,,,FJS,United States,N
Florida West International Airways,,RF,FWL,United States,Y
FLowair Aviation,,,FLW,France,N
FLTPLAN,,,DCM,United States,N
Flugdienst Fehlhaber,,,FFG,Germany,N
Flugfelag Vestmannaeyja,,,FVM,Iceland,Y
Flugschule Basel,,,FLU,Switzerland,N
Flugschule Eichenberger,,,EZB,Switzerland,N
Flugwerkzeuge Aviation Software,,,FWZ,Austria,N
Fly 6ix,,6I,,Sierra Leone,Y
Fly Africa Zimbabwe,Zimbabwe flyafrica.com,,FZW,Zimbabwe,Y
Fly Air,,F2,FLM,Turkey,N
Fly Brasil,Fly Brasil,F1,FBL,Brazil,Y
Fly CI Limited,,,FCT,United Kingdom,N
Fly Colombia ( Interliging Flights ),,3F,3FF,Colombia,Y
Fly Dubai,,FZ,FDB,United Arab Emirates,Y
Fly Europa,,ER,RWW,Spain,Y
Fly Europa Limited,,,FEE,United Kingdom,N
Fly Excellent,,,FXL,Sweden,N
Fly France,Fly France,FF,FRF,France,Y
Fly Illi,,IL,ILY,United States,N
Fly International Airways,,,NVJ,Tunisia,N
Fly Jamaica Airways,,,FJM,Jamaica,Y
Fly Line,,,FIL,Spain,N
Fly Me Sweden,,SH,FLY,Sweden,N
Fly One,Fly One,F5,FI5,Moldova,Y
Fly Romania,,X5,OTJ,Romania,Y
Fly Wex,,,IAD,Italy,N
Fly Zoom,,,UKZ,United Kingdom,N
Fly540,,5H,FFV,Kenya,Y
Flybaboo,,F7,BBO,Switzerland,Y
Flybe,,BE,BEE,United Kingdom,Y
Flybe Finland Oy,,,FCM,Finland,Y
Flycolumbia,,,FCE,Spain,N
Flycom,,,FLO,Slovenia,N
FlyEgypt,FlyEgypt,,FEG,Egypt,Y
Flygaktiebolaget Gota Vingar,,,GVG,Sweden,N
Flyglobespan,,B4,GSM,United Kingdom,Y
Flygprestanda,,,FPA,Sweden,N
Flygtransporter I Nykoping,,,ETS,Sweden,N
Flyguppdraget Backamo,,,INU,Sweden,N
FlyHigh Airlines Ireland (FH),,FH,FHI,Ireland,Y
Flyhy Cargo Airlines,,,FYH,Thailand,Y
Flying Carpet Company,,,FCR,Lebanon,N
Flying Dolphin Airlines,,,FDN,United Arab Emirates,N
Flying kangaroo Airline,Skippy,,FKA,Australia,Y
Flying Service,,,FYG,Belgium,N
Flying-Research Aerogeophysical Center,,,FGP,Russia,N
FLYJET,,,FYJ,Poland,Y
FlyLal,,TE,LIL,Lithuania,Y
FlyLAL Charters,,,LLC,Lithuania,Y
Flylink Express,,,FLK,Spain,N
Flyme (VP),,,VQI,Maldives,Y
FlyNordic,,LF,NDC,Sweden,Y
FlyPortugal,,PO,FPT,Portugal,Y
Flyteam Aviation,,,FTM,United Kingdom,N
FMG Verkehrsfliegerschule Flughafen Paderborn-Lippstadt,,,FMG,Germany,N
Focus Air,,,FKS,United States,N
Fokker,,,FOP,Netherlands,N
Fonnafly,,,NOF,Norway,N
Force Aerienne Francaise,,,FAF,France,N
Ford Motor Company,,,FRD,United States,N
Formosa Airlines,,VY,FOS,Taiwan,Y
Formula One Management,,,FOR,United Kingdom,N
Forth and Clyde Helicopter Services,,,FHS,United Kingdom,N
Fortunair Canada,,,FXC,Canada,N
Forward Air International Airlines,,BN,,United States,N
Foster Aviation,,,FSA,United States,N
Foster Yeoman,,,JFY,United Kingdom,N
Fotografia F3,,,FTE,Spain,N
Four Island Air,,,FIA,Antigua and Barbuda,N
Four Star Aviation / Four Star Cargo,,HK,FSC,United States,N
Four Winds Aviation,,,WDS,United States,N
FOX Linhas Aereas,,FX,FOX,Brazil,Y
Foxair,,,FXR,Italy,N
FR Aviation,,,FRA,United Kingdom,N
FRA Air,,X9,X9F,Germany,N
France Douanes,,,FDO,France,N
France Marine Nationale,,,FNY,France,N
Fred. Olsen,,,FOF,Norway,N
Free Bird Airlines,,,FHY,Turkey,N
Freedom Air,,,FOM,New Zealand,N
Freedom Air Services,,,FFF,Nigeria,N
Freedom Airlines,,,FRL,United States,Y
Freedom Airways,,,FAS,Cyprus,N
Freeway Air,,,FWC,Netherlands,N
Freight Runners Express,,,FRG,United States,N
Fresh Air,,,FRR,Nigeria,N
Freshaer,,,FAE,United Kingdom,N
Friendship Air Alaska,,,FAL,United States,N
Friendship Airlines,,,FLF,Uganda,N
Froggy Corporate Aviation,,,FGY,Australia,N
Frontier Airlines,,F9,FFT,United States,Y
Frontier Commuter,,,ITR,United States,N
Frontier Flying Service,,2F,FTA,United States,Y
Frontier Guard,,,FNG,Finland,N
FSB Flugservice & Development,,,FSB,Germany,N
FSH Luftfahrtunternehmen,,,LEJ,Germany,N
FTI Fluggesellschaft,,,FTI,Germany,N
Fujairah Aviation Centre,,,FUJ,United Arab Emirates,N
Fuji Dream Airlines,,JH,,Japan,Y
Fujian Airlines,,,CFJ,China,N
Full Express,,,GAX,United States,N
Fumigacion Aerea Andaluza,,,FAM,Spain,N
Fun Flying Thai Air Service,,,FFY,Thailand,N
Fundació Rego,,,ROG,Spain,N
Funtshi Aviation Service,,,FUN,Democratic Republic of the Congo,N
Futura Gael,,,FGL,Ireland,N
Futura International Airways,,FH,FUA,Spain,N
Fuzhou Airlines,,,FZA,China,Y
G & L Aviation,,,GML,South Africa,N
G5 Executive,,,EXH,Germany,N
Ga-Ma Helicoptere,,,GAH,France,N
Gabon Airlines,,GY,GBK,Gabon,Y
Gabon Express,,,GBE,Gabon,N
Gabon-Air-Transport,,,GRT,Gabon,N
Gacela Air Cargo,,,GIG,Mexico,N
Gadair European Airlines,,GP,GDR,Spain,Y
Gail Force Express,,,GFC,United States,N
Gain Jet Aviation,,,GNJ,Greece,N
GAK/Mitchell Aero,,,MTA,United States,N
Galair International,,,SWF,United Kingdom,N
Galaircervis,,,GLS,Ukraine,N
Galaxy Air,,7O,GAL,Kyrgyzstan,N
Galaxy Airlines,,,GXY,Japan,N
Galena Air Service,,,GAS,United States,N
Galileo International,,1G,,United States,N
Gama Aviation,,,GMA,United Kingdom,N
Gambia International Airlines,,GC,GNR,Gambia,N
Gambia New Millennium Air,,,NML,Gambia,N
Gamisa Aviacion,,,GMJ,Spain,N
Gandalf Airlines,,G7,GNF,Italy,N
Gander Aviation,,,GAN,Canada,N
Garden State Airlines,,,GSA,United States,N
Garrison Aviation,,,AHM,Canada,N
Garuda Indonesia,,GA,GIA,Indonesia,Y
Gatari Hutama Air Services,,,GHS,Indonesia,N
GATSA,,,GGS,Mexico,N
Gauteng Air Cargo,,,EGO,South Africa,N
Gavina,,,GVN,Spain,N
Gazpromavia,,4G,GZP,Russia,Y
GB Airlink,,,GBX,United States,N
GB Airways,,GT,GBL,United Kingdom,Y
GCS Air Service,,,GCS,United States,N
GEC Marconi Avionics,,,FFU,United Kingdom,N
GECAS,,,GCC,Ireland,N
Geesair,,,GEE,Canada,N
Gemini Air Cargo,,GR,GCO,United States,N
Gendall Air,,,GAB,Canada,N
Gendarmerie Belge,,,GDB,Belgium,N
Gendarmie Nationale,,,FGN,France,N
General Aerospace,,,SWK,Canada,N
General Airways,,,GWS,South Africa,N
General Aviation,,,GNZ,Poland,N
General Aviation Flying Services,,,GTH,United States,N
General Aviation Terminal,,,XGA,Canada,N
General Motors,,,GMC,United States,N
Genesis,,GK,,Pakistan,Y
Genex,,,GNX,Belarus,N
GENSA,,,GEN,Brazil,N
Geographic Air Surveys,,,GSL,Canada,N
Georgian Airlines,,,GEG,Georgia,N
Georgian Airways,,A9,TGZ,Georgia,Y
Georgian Aviation Federation,,,FGA,Georgia,N
Georgian Cargo Airlines Africa,,,GGF,Senegal,N
Georgian International Airlines,,,GNN,Georgia,Y
Georgian National Airlines,,QB,GFG,Georgia,Y
German Air Force,,,GAF,Germany,N
German Air Force - FLB,,,FLB,Germany,Y
German Army,,,GAM,Germany,N
German International Air Lines,Germanair,GM,GER,Germany,Y
German Navy,,,GNY,Germany,N
German Sky Airlines,,,GHY,Germany,N
Germania,,ST,GMI,Germany,Y
Germanwings,,4U,GWI,Germany,Y
GermanXL,,GX,GXG,Germany,Y
Gerry's Dnata,,,GDN,Pakistan,N
Gesekkschaft Fur Flugzieldarstellung,,,GFD,Germany,N
Gestair,,GP,GES,Spain,N
Gestar,,,GTR,Chile,N
Gestion Aerea Ajecutiva,,,GJT,Spain,N
GETRA,,,GET,Equatorial Guinea,N
GFW Aviation,,,GFW,Australia,N
GH Stansted Limited,,,GHI,United Kingdom,N
Ghadames Air Transport,,,GHT,Libya,N
Ghana Airways,,,GHA,Ghana,N
Ghana International Airlines,,G0,GHB,Ghana,Y
Gibson Aviation,,,NTC,United States,N
Global Air Charter,,,RPS,United States,N
Global Air Operations,,,GAG,Comoros,N
Global Air Services Nigeria,,,GBS,Nigeria,N
Global Aircargo,,,GLC,Bahrain,N
Global Airlines,Global Airlines,0G,GA0,Argentina,Y
Global Airways,,,BSP,Democratic Republic of Congo,N
Global Aviation and Services Group,,,GAK,Libya,N
Global Aviation Operations,,,GBB,South Africa,N
Global Freightways,,F5,GF5,United States,N
Global Georgian Airways,,,GGZ,Georgia,N
Global Jet Austria,,,GLJ,Austria,N
Global Jet Corporation,,,NSM,United States,N
Global Jet Luxembourg,,,SVW,Luxembourg,N
Global Sky Aircharter,,,GSK,United States,N
Global Supply Systems,,,GSS,United Kingdom,N
Global System,,,XGS,United States,N
Global Weather Dynamics,,,XGW,United States,N
Global Wings,,,GLW,Japan,N
Globe Jet,,,GJA,Lebanon,N
Globus,,GH,GLP,Russia,Y
GM Helicopters,,,GMG,Latvia,N
GNB Linhas Aereas,,GN,,Brazil,Y
Go Air,,G8,GOW,India,Y
Go Fly (United Kingdom),,,GOE,United Kingdom,N
Go One Airways,,GK,,United Kingdom,N
Go2Sky,,,RLX,Slovakia,Y
Gobierno De Guinea Ecuatorial,,,GGE,Equatorial Guinea,N
GoDutch,,GD,GOD,Netherlands,N
Gof-Air,,,GOF,Mexico,N
Gofir,,,GOI,Switzerland,N
GoJet Airlines,,G7,GJS,United States,Y
Gol Transportes Aéreos,,G3,GLO,Brazil,Y
Gold Belt Air Transport,,,GBT,Canada,N
GoldAir,,,GDA,United Kingdom,N
Goldeck-Flug,,,GDK,Austria,N
Golden Air,,DC,GAO,Sweden,Y
Golden Airlines,,,GDD,United States,N
Golden Eagle Air Services (FAA),,,SAJ,Canada,N
Golden Myanmar Airlines,,,GMR,Burma,Y
Golden Pacific Airlines,,,GPA,United States,N
Golden Rule Airlines,,,GRS,Kyrgyzstan,N
Golden Star Air Cargo,,,GLD,Sudan,N
Goldfields Air Services,,,GOS,Australia,N
Golfe Air Quebec,,,GAQ,Canada,N
Goliaf Air,,,GLE,Sao Tome and Principe,N
Gomel Airlines,,,GOM,Belarus,N
Gomelavia,,YD,,Belarus,Y
Goodridge (UK) Limited,,,RDR,United Kingdom,N
Gorkha Airlines,,G1,IKA,Nepal,N
Gorlitsa Airlines,,,GOR,Ukraine,N
Government Flying Service,,,HKG,Hong Kong SAR of China,N
Government of Zambia Communications Flight,,,GRZ,Zambia,N
GP Express Airlines,,,GPE,United States,N
GPM Aeroservicio,,,GPR,Mexico,N
GR-Avia,,,GIB,Guinea,N
Grampian Flight Centre,,,HLD,United Kingdom,N
Granada Aviacion,,,GAV,Spain,N
Grand Aire Express,,,GAE,United States,N
Grand Airways,,,GND,United States,N
Grand Canyon Airlines,,,CVU,United States,N
Grand China Air,,,GDC,China,Y
Grand Cru Airlines,,,GCA,Lithuania,Y
Grant Aviation,,GS,GUN,United States,N
Grantex Aviation,,,LMK,United Kingdom,N
Great American Airways,,,GRA,United States,N
GREAT LAKES (GX),,GX,,Canada,N
Great Lakes Airlines,,ZK,GLA,United States,Y
Great Lakes Airways (Uganda),,,GLU,Uganda,N
Great Plains Airlines,,,GRP,United States,N
Great Wall Airlines,,IJ,GWL,China,N
Great Western Air,,,GWA,United States,N
Greek Navy,,,HNA,Greece,N
Greenfly,,XX,GFY,Spain,Y
Griffin Aviation,,,GFF,Cyprus,N
Grixona,,,GXA,Moldova,N
Grizodubova Air Company,,,GZD,Russia,N
Grossmann Air Service,,,HTG,Austria,N
Grossmann Jet Service,,,GSJ,Czech Republic,N
Ground Handling Service de Mexico,,,GHV,Mexico,N
Grup Air-Med,,,GPM,Spain,N
Grupo De Aviacion Ejecutiva,,,EJC,Mexico,N
Grupo TACA,TACA,TA,TAT,Costa Rica,Y
Grupo Vuelos Mediterraneo,,,VMM,Spain,N
Grupoaereo Monterrey,,,GMT,Mexico,N
Gryphon Airlines,,6P,,United States,Y
GST Aero Aircompany,,,BMK,Kazakhstan,N
GTA Air,,,GTX,United States,N
Guard Systems,,,GSY,Norway,N
Guine Bissaur Airlines,,G6,BSR,Guinea-Bissau,N
Guinea Airways,,,GIJ,Guinea,N
Guinea Cargo,,,GNC,Equatorial Guinea,N
Guinea Ecuatorial Airlines,,,GEA,Equatorial Guinea,N
Guinee Airlines,,J9,GIF,Guinea,N
Guinee Paramount Airlines,,,GIQ,Guinea,N
Guizhou Airlines,,,CGH,China,N
Guja,,,GUS,Mexico,N
Gujarat Airways,,G8,GUJ,India,N
Gulf & Caribbean Cargo / Contract Air Cargo,,,TSU,United States,N
Gulf African Airlines - Gambia,,,GUF,,N
Gulf Air,,,GFA,Oman,Y
Gulf Air Bahrain,,GF,GBA,Bahrain,Y
Gulf Air Inc,,,GAT,United States,N
Gulf Central Airlines,,,GCN,United States,N
Gulf Flite Center,,,SFY,United States,N
Gulf Pearl Air Lines,,,GPC,Libya,N
Gulfstream Aerospace,,,GLF,United States,N
Gulfstream Airlines,,,GFS,United States,N
Gulfstream International Airlines,,,GFT,United States,Y
Gulisano airways,,GU,GU1,Italy,N
Gull Air,,,GUL,United States,N
Gum Air,,,GUM,Suriname,N
Guneydogu Havacilik Isletmesi,,,GDH,Turkey,N
Guyana Airways 2000,,GY,,,N
Gwyn Aviation,,,GWN,United Kingdom,N
GX Airlines,,,CBG,China,Y
Hadison Aviation,,,FMS,United States,N
Hageland Aviation Services,,H6,HAG,United States,Y
Hagondale Limited,,,POW,United Kingdom,N
Hahn Air,,HR,HHN,Germany,N
Hainan Airlines,,HU,CHH,China,Y
Hainan Phoenix Information Systems,,1R,,China,N
Haiti Air Freight,,,HLS,Haiti,N
Haiti Ambassador Airlines,,2T,HAM,Haiti,Y
Haiti International Air,,,HTI,Haiti,N
Haiti International Airline,,,HRB,Haiti,N
Haiti National Airlines (HANA),,,HNR,Haiti,N
Haiti North Airline,,,HTN,Haiti,N
Haiti Trans Air,,,HTC,Haiti,N
Haitian Aviation Line,,,HBC,Haiti,N
Hajvairy Airlines,,,HAJ,Pakistan,N
Hak Air,,,HKL,Nigeria,N
Hala Air,,,HLH,Sudan,N
Halcyon Air/Bissau Airways,,,HCN,Guinea-Bissau,N
Halcyonair,,7Z,,Cape Verde,Y
Hamburg Airways,,,HAY,Germany,Y
Hamburg International,,4R,HHI,Germany,Y
Hamlin Jet,,,HJL,United Kingdom,N
Hamra Air,,,HMM,United Arab Emirates,N
Hand D Aviation,,,WVA,United States,N
Hangar 8,,,HGR,United Kingdom,N
Hangard Aviation,,,HGD,Mongolia,N
Hankook Air US,,H1,HA1,United States,Y
Hankook Airline,,HN,HNX,South Korea,Y
Hansung Airlines,,,HAN,Republic of Korea,N
Hapagfly,,HF,HLF,Germany,Y
Happy Air,,,HPY,Thailand,Y
Harbor Airlines,,HB,HAR,United States,N
Harbour Air (Priv),,H3,,Canada,Y
Harmony Airways,,HQ,HMY,Canada,N
Haughey Air,,,NBR,United Kingdom,N
Haverfordwest Air Charter Services,,,PYN,United Kingdom,N
Havilah Air Services,,,HAV,Nigeria,N
Hawaiian Airlines,,HA,HAL,United States,Y
Hawaiian Pacific Airlines,,HP,,United States,N
Hawk Air,,,HKR,Argentina,N
Hawk De Mexico,,,HMX,Mexico,N
Hawkair,,BH,,Canada,Y
Hawkaire,,,HKI,United States,N
Hazelton Airlines,,,HZL,Australia,N
HC Airlines,,,HLA,United Kingdom,N
Heavylift Cargo Airlines,,HN,HVY,Australia,N
Heavylift International,,,HVL,United Arab Emirates,N
Hebei Airlines,,,HBH,China,Y
Hebradran Air Services,,,HBR,United Kingdom,Y
Helcopteros De Cataluna,,,HDC,Spain,N
Helenair (Barbados),,,HCB,Barbados,N
Helenair Corporation,,,HCL,Saint Lucia,N
Helenia Helicopter Service,,,HHP,Denmark,N
Heli Air Services,,,HLR,Bulgaria,N
Heli Ambulance Team,,,ALJ,Austria,N
Heli Bernina,,,HEB,Switzerland,N
Heli France,,8H,HFR,France,Y
Heli Hungary,,,HYH,Hungary,N
Heli Medwest De Mexico,,,HLM,Mexico,N
Heli Securite,,,HLI,France,N
Heli Trip,,,HTP,Mexico,N
Heli Union Heli Prestations,,,HLU,France,N
Heli-Air-Monaco,,,MCM,Monaco,N
Heli-Holland,,,HHE,Netherlands,N
Heli-Iberica,,,HRA,Spain,N
Heli-Iberica Fotogrametria,,,HIF,Spain,N
Heli-Inter Guyane,,,HIG,France,N
Heli-Link,,,HLK,Switzerland,N
Heliamerica De Mexico,,,HMC,Mexico,N
Heliavia-Transporte Aereo,,,HEA,Portugal,N
Heliaviation Limited,,,CDY,United Kingdom,N
Helibravo Aviacao,,,HIB,Portugal,N
Helicap,,,HLC,France,N
Helicentre Coventry,,,COV,United Kingdom,N
Helicol,,,HEL,Colombia,N
Helicopter,,,HCP,Czech Republic,N
Helicopter & Aviation Services,,,JKY,United Kingdom,N
Helicopter Training & Hire,,,MVK,United Kingdom,N
Helicopteros Aero Personal,,,HAP,Mexico,N
Helicopteros Agroforestal,,,HAA,Chile,N
Helicopteros Internacionales,,,HNT,Mexico,N
Helicopteros Y Vehiculos Nacionales Aereos,,,HEN,Mexico,N
Helicsa,,,HHH,Spain,N
Helijet,,JB,JBA,Canada,Y
Helikopterdrift,,,HDR,Norway,N
Helikopterservice Euro Air,,,SCO,Sweden,N
Heliocean,,,OCE,France,N
Helios Airways,,ZU,HCY,Cyprus,N
Helipistas,,,HLP,Spain,N
Heliportugal,,,HPL,Portugal,N
Heliservicio Campeche,,,HEC,Mexico,N
Helisul,,,HSU,Portugal,N
Heliswiss,,,HSI,Switzerland,N
Helitafe,,,HLT,Mexico,N
Helitalia,,,HIT,Italy,N
Helitaxi Ofavi,,,OFA,Mexico,N
Helitrans,,,HTA,Norway,N
Helitrans Air Service,,,HTS,United States,N
Helitt Líneas Aéreas,,,HTH,Spain,Y
Heliworks,,,HLW,Chile,N
Hellas Jet,,T4,HEJ,Greece,Y
Hellenic Air Force,,,HAF,Greece,N
Hellenic Airways,,1H,HEY,Greece,N
Hellenic Imperial Airways,,HT,IMP,Greece,Y
Hellenic Star Airways,,,HST,Greece,N
Hello,,HW,FHE,Switzerland,Y
Helog,,,HLG,Switzerland,N
Helvetic Airways,,2L,OAW,Switzerland,Y
Hemus Air,,DU,HMS,Bulgaria,N
Henebury Aviation,,,HAC,Australia,N
Heritiage Flight (Valley Air Services),,,SSH,United States,N
Herman's Markair Express,,,MRX,United States,N
Hermes Airlines,,,HRM,Greece,Y
Herritage Aviation Developments,,,HED,United Kingdom,N
Hewa Bora Airways,,EO,ALX,Democratic Republic of the Congo,N
Hex'Air,,UD,HER,France,Y
Hi Fly,,5K,HFY,Portugal,N
Hi Fly (5K),,5K,,Portugal,Y
Hi-Jet Helicopter Services,,,HHS,Suriname,N
High-Line Airways,,,HLB,Canada,N
Highland Airways,,,HWY,United Kingdom,Y
Himalayan Airlines,Himalaya,HC,HYM,Nepal,Y
Hispaniola Airways,,,HIS,Dominican Republic,N
Hogan Air,,,HGA,United States,N
Hokkaido Air System,,,NTH,Japan,N
Hokkaido International Airlines,,HD,ADO,Japan,Y
Hokuriki-Koukuu Company,,,ABH,Japan,N
Hola Airlines,,H5,HOA,Spain,N
Holding International Group,,,HIN,Mexico,N
Holiday Airlines,,,HOL,United States,N
Holidays Czech Airlines,,,HCC,Czech Republic,Y
Holstenair Lubeck,,,HTR,Germany,N
Homac Aviation,,,HMV,Luxembourg,N
Homer Air,Homer Sky,MR,OME,Germany,Y
Honduras Airlines,,,HAS,Honduras,N
Hong Kong Airlines,,HX,CRK,Hong Kong SAR of China,Y
Hong Kong Express Airways,,UO,HKE,Hong Kong SAR of China,Y
Honiara Cargo Express,,,HEX,Solomon Islands,N
Hop-A-Jet,,,HPJ,United States,N
Hope Air,,HH,,Canada,N
Horizon Air,Horizon Airlines,QX,QXE,United States,Y
Horizon Air for Transport and Training,,,HSM,Libya,N
Horizon Air Service,,,KOK,United States,N
Horizon Air-Taxi,,,HOR,Switzerland,N
Horizon Airlines,,BN,HZA,Australia,Y
Horizon Plus,,,HPS,Bangladesh,N
Horizons Unlimited,,,HUD,United States,N
Horizontes Aereos,,,HOZ,Mexico,N
Hoteles Dinamicos,,,HDI,Mexico,N
Houston Helicopters,,,HHO,United States,N
Houston Jet Services,,,GGV,Austria,N
Hozu-Avia,,,OZU,Kazakhstan,N
HPM Investments,,,HWD,United Kingdom,N
HQ- Business Express,,HQ,,United States,N
HT Helikoptertransport,,,KTR,Sweden,N
HTA Helicopteros,,,AHT,Portugal,N
Huaxia,HUAXIA,G5,,China,Y
Hub Airlines,,,HUB,United States,N
Huessler Air Service,,,HUS,United States,N
Hughes Aircraft Company,,,GMH,United States,N
Hummingbird Helicopter Service,,,WHR,United States,N
Hunair Hungarian Airlines,,,HUV,Hungary,N
Hungarian Air Force,,,HUF,Hungary,N
Hyack Air,,,HYA,Canada,N
Hydro Air Flight Operations,,,HYC,South Africa,N
Hydro-Québec,,,HYD,Canada,N
Héli Sécurité Helicopter Airlines,,H4,,France,N
I-Fly,,H5,RSY,Russia,Y
IBC Airways,,II,CSQ,United States,N
Iberia Airlines,,IB,IBE,Spain,Y
Iberia Express,,I2,IBS,Spain,Y
Ibertour Servicios Aereos,,,IBR,Spain,N
Ibertrans Aerea,,,IBT,Spain,N
Iberworld,,TY,IWD,Spain,Y
Ibex Airlines,,FW,IBX,Japan,Y
Ibicenca Air,,,IBC,Spain,N
Ibk-Petra,,,AKI,Sudan,N
IBL Aviation,,,IBL,Mauritius,N
IBM Euroflight Operations,,,BBL,Switzerland,N
ICAO,,,YYY,,N
Icar Air,,,RAC,Bosnia and Herzegovina,Y
ICAR Airlines,,C3,,Ukraine,N
Icare Franche Compte,,,FRC,France,N
Icaro,,,ICD,Ecuador,N
Icarus,,,IUS,Italy,N
ICC Canada,,,CIC,Canada,N
Icebird Airline,,,ICB,Iceland,N
Icejet,,,ICJ,Iceland,N
Icelandair,,FI,ICE,Iceland,Y
Icelandic Coast Guard,,,ICG,Iceland,N
IDG Technology Air,,,IDG,Czech Republic,N
IFL Group,,,IFL,United States,N
II Lione Alato Arl,,,RDE,United Kingdom,N
IJM International Jet Management,,,IJM,Austria,N
Ikaros DK,,,IKR,Denmark,N
IKI International Airlines,,,IKK,Japan,N
IKON FTO,,,IKN,Germany,N
Il Ciocco International Travel Service,,,CIO,Italy,N
Il-Avia,,,ILV,Russia,N
Ildefonso Redriguez,,,IDL,Mexico,N
Iliamna Air Taxi,,,IAR,United States,N
Illinois Airways,,IL,ILW,United States,N
Ilpo Aruba Cargo,,,ILP,Aruba,N
Ilyich-Avia,,,ILL,Ukraine,N
Imaer,,,IMR,Portugal,N
Imair Airlines,,IK,ITX,Azerbaijan,Y
IMP Aviation Services,,,BLU,Canada,N
IMP Group Aviation Services,,,XGG,Canada,N
Imperial Airways,,,PNX,United States,N
Imtrec Aviation,,,IMT,Cambodia,N
INAVIA Internacional,Internacional,Z5,IIR,Argentina,Y
Independence Air,,DH,IDE,United States,N
Independent Air Freighters,,,IDP,Australia,N
India International Airways,,,IIL,India,N
Indian Air Force,,,IFC,India,N
Indian Airlines,,IC,IAC,India,Y
Indicator Company,,,IDR,Hungary,N
Indigo,,I9,IBU,United States,Y
IndiGo Airlines,,6E,IGO,India,Y
Indochina Airlines,,,AXC,Vietnam,Y
Indonesa Air Aisa X,,,IDX,Indonesia,Y
Indonesia Air Transport,,,IDA,Indonesia,N
Indonesia AirAsia,,QZ,AWQ,Indonesia,Y
Indonesia Sky,,I5,IDS,Indonesia,Y
Indonesian Airlines,,IO,IAA,Indonesia,Y
Industri Pesawat Terbang Nusantara,,,IPN,Indonesia,N
Industrias Titan,,,ITN,Spain,N
Indya Airline Group,Indya1,G1,IG1,India,Y
INFINI Travel Information,,1F,,Japan,N
Infinit Air,,,FFI,Spain,N
Inflite The Jet Centre,,,INS,United Kingdom,N
Innotech Aviation,,,IVA,Canada,N
Insel Air (7I/INC) (Priv),,7I,,Netherlands Antilles,Y
Insel Air International,,,INC,Netherlands Antilles,N
Instituto Cartografico de Cataluna,,,ICC,Spain,N
Intair,,,INT,Canada,N
Intal Avia,,,INL,Kyrgyzstan,N
Intavia Limited,,,FFL,United Kingdom,N
InteliJet Airways,,IJ,IJT,Colombia,N
Intensive Air,,,XRA,South Africa,N
Inter Air,,,ITW,Bulgaria,N
Inter European Airways,,,IEA,United Kingdom,N
Inter Express,,,INX,Turkey,N
Inter Islands Airlines,,H4,IIN,Cape Verde,N
Inter RCA,,,CAR,Central African Republic,N
Inter Tropic Airlines,,,NTT,Sierra Leone,N
Inter-Air,,,ITA,United States,N
Inter-Canadian,,,ICN,Canada,N
Inter-Island Air,,,UGL,United States,N
Inter-Mountain Airways,,,IMA,United States,N
Inter-State Aviation,,,ITS,United States,N
Interair South Africa,,D6,ILN,South Africa,Y
Interaire,,,NTE,Mexico,N
Interavia Airlines,,ZA,SUW,Russia,Y
Interaviatrans,,,IVT,Ukraine,N
Intercontinental de Aviaci,,RS,ICT,Colombia,N
Intercopters,,,ICP,Spain,N
Interflight,,,IFT,United Kingdom,N
Interflight (Learjet),,,IJT,United Kingdom,N
Interfly,,,RFL,Italy,N
Interfreight Forwarding,,,IFF,Sudan,N
Interguide Air,,,IGN,Nigeria,N
Interisland Airlines,,,ISN,Philippines,N
Interisland Airways Limited,,,IWY,Turks and Caicos Islands,N
Interjet,,,MTF,Italy,N
Interjet (ABC Aerolineas),,4O,,Mexico,Y
Interjet Helicopters,,,IHE,Greece,N
Interlink Airlines,,ID,ITK,South Africa,Y
International Air Cargo Corporation,,,IAK,Egypt,N
International Air Carrier Association,,,ITC,Belgium,N
International Air Corporation,,,EXX,United States,N
International Air Service,,,IAS,United States,N
International Air Services,,,IAX,Liberia,N
International AirLink,,I4,,Jamaica,Y
International Business Air,,6I,IBZ,Sweden,N
International Business Aircraft,,,IBY,United States,N
International Charter Services,,,ICS,Mexico,N
International Charter Xpress,,,ICX,United States,N
International Committee of the Red Cross,,,RED,Switzerland,N
International Company for Transport,,,IIG,ALDAWLYH AIR,N
International Europe,International,9I,INE,Spain,Y
International Flight Training Academy,,,IFX,United States,N
International Flying Service,IFS,F4,,Italy,N
International Jet Aviation Services,,,IJA,United States,N
International Jet Charter,,,HSP,United States,N
International Sabilisation Assistance Force,,,ISF,United Kingdom,N
International Security Assistance Force,,,THN,Canada,N
International SOS WIndhoek,,,RSQ,Namibia,N
International Trans-Air,,,ITH,Nigeria,N
Interport Corporation,,,IPT,United States,N
Intersky,,,IKY,Bulgaria,N
Interstate Airline,,I4,FWA,Netherlands,N
Intervuelos,,,ITU,Mexico,N
Inversija,,,INV,Latvia,N
Iona National Airways,,,IND,Ireland,N
Iowa Airways,,,IOA,United States,N
IPEC Aviation,,,IPA,Australia,N
IPM Europe,,,IPM,United Kingdom,N
Iran Air,,IR,IRA,Iran,Y
Iran Aseman Airlines,,EP,IRC,Iran,Y
Iranair Tours,,,IRB,Iran,N
Iraqi Airways,,IA,IAW,Iraq,Y
Irbis Air,,,BIS,Kazakhstan,N
Irish Air Corps,,,IRL,Ireland,N
Irish Air Transport,,,RDK,Ireland,N
Irish Aviation Authority,,,XMR,Ireland,N
IRS Airlines,,,LVB,Nigeria,N
Irtysh Airlines,,,IRT,Uzbekistan,N
Irving Oil,,,XIA,Canada,N
Irving Oil Transport,,,KCE,Canada,N
ISD Avia,,,ISD,Ukraine,N
Island Air,,,ISI,Mexico,N
Island Air (WP),,WP,MKU,United States,Y
Island Air Charters,,,ILF,United States,N
Island Air Express,,,XYZ,United States,N
Island Airlines,,IS,,United States,Y
Island Aviation,,,SOY,Philippines,N
Island Aviation and Travel,,,IOM,United Kingdom,N
Island Aviation Services,,,DQA,Maldives,N
Island Express,,2S,SDY,United States,N
Island Express Air,,1X,,Canada,Y
Island Helicopters,,,MTP,United States,N
Island Link,,,ILC,Japan,N
Island Spirit,,IP,ISX,Iceland,Y
Islandair Jersey,,,IAJ,United Kingdom,N
Islands Express,,X9,,United States,N
Islands Nationair,,CN,,Papua New Guinea,N
Islas Airways,,IF,ISW,Spain,Y
Isle Grande Flying School,,,IGS,United States,N
Islena De Inversiones,,WC,ISV,Honduras,Y
Isles of Scilly Skybus,,,IOS,United Kingdom,N
Israel Aircraft Industries,,,IAI,Israel,N
Israeli Air Force,,,IAF,Israel,N
Israir,,6H,ISR,Israel,Y
Istanbul Airlines,,,IST,Turkey,N
ITA Software,,1U,,United States,N
Itali Airlines,,9X,ACL,Italy,N
Italy First,,,IFS,Italy,N
Itek Air,,GI,IKA,Kyrgyzstan,Y
Ivoire Aero Services,,,IVS,Ivory Coast,N
Ivoire Airways,,,IVW,Ivory Coast,N
Ivoire Jet Express,,,IJE,Ivory Coast,N
IVV Femida,,,FDF,Russia,N
Iwamoto Crane Co Ltd,,,OIC,Japan,N
Ixair,,,IXR,France,N
Izair,,H9,IZM,Turkey,N
IzAvia,,I8,,Russia,Y
Izhavia,,,IZA,Russia,N
J C Bamford (Excavators),,,JCB,United Kingdom,N
J P Hunt Air Carriers,,,RFX,United States,N
J-Air,,,JLJ,Japan,N
Jackson Air Services,,,JCK,Canada,N
Jade Cargo International,,,JAE,China,N
Jagson Airlines,,,JGN,India,Y
JAL Express,,JC,JEX,Japan,Y
JALways,,JO,JAZ,Japan,Y
Jamahiriya Airways,,,JAW,Libya,N
Jambo Africa Airlines,,,JMB,Democratic Republic of Congo,N
Jana-Arka,,,JAK,Kazakhstan,N
Janair,,,JAX,United States,N
Japan Air Commuter,,,JAC,Japan,N
Japan Air System,,JD,JAS,Japan,Y
Japan Aircraft Service,,,JSV,Japan,N
Japan Airlines,JAL Japan Airlines,JL,JAL,Japan,Y
Japan Airlines Domestic,,JL,JAL,Japan,Y
Japan Asia Airways,,EG,JAA,Japan,Y
Japan Regio,,ZX,ZXY,Japan,Y
Japan Transocean Air,,NU,JTA,Japan,Y
Jat Airways,,JU,JAT,Serbia,N
Jatayu Airlines,,VJ,JTY,Indonesia,N
Jayrow,,\\',\\'\\,Australia,Y
Jazeera Airways,,J9,JZR,Kuwait,Y
Jc royal.britannica,,,JRB,United Kingdom,Y
JDAviation,,,JDA,United Kingdom,N
JDP Lux,,,JDP,Luxembourg,N
Jeju Air,,7C,JJA,Republic of Korea,Y
Jenney Beechcraft,,,JNY,United States,N
Jeppesen Data Plan,,,XLD,United States,N
Jeppesen UK,,,JPN,United Kingdom,N
Jet Air,,,JEA,Poland,N
Jet Air Group,,,JSI,Russia,N
Jet Airways,,9W,JAI,India,Y
Jet Aspen Air Lines,,,JTX,United States,N
Jet Aviation,,,PJS,Switzerland,N
Jet Aviation Business Jets,,,BZF,United States,N
Jet Center Flight Training,,,JCF,Spain,N
Jet Charter,,,JCT,United States,N
Jet Connection,,,JCX,Germany,N
Jet Courier Service,,,DWW,United States,N
Jet East International,,,JED,United States,N
Jet Executive International Charter,,,JEI,Germany,N
Jet Fighter Flights,,,RZA,Australia,N
Jet Freighters,,,CFT,United States,N
Jet G&D Aviation,,,JGD,Israel,N
Jet Line International,,,MJL,Moldova,N
Jet Link,,,JEK,Israel,N
Jet Link Aviation,,,HTL,United States,N
Jet Norte,,,JNR,Mexico,N
Jet Rent,,,JRN,Mexico,N
Jet Service,,,JDI,Poland,N
Jet Stream,,,JSM,Moldova,N
Jet Suite,,,RSP,United States,Y
Jet Trans Aviation,,,JTC,Ghana,N
Jet-2000,,,JTT,Russia,N
Jet-Ops,,,OPS,United Arab Emirates,N
Jet2.com,,LS,EXS,United Kingdom,Y
Jet4You,,8J,JFU,Morocco,Y
JetAfrica Swaziland,,,OSW,Swaziland,N
Jetairfly,,JF,JAF,Belgium,Y
Jetall Holdings,,,JTL,Canada,N
Jetalliance,,,JAG,Austria,N
JetBlue Airways,,B6,JBU,United States,Y
Jetclub,,0J,,Switzerland,N
JetConnect,,,QNZ,New Zealand,N
Jetcorp,,,UEJ,United States,N
Jetcraft Aviation,,,JCC,Australia,N
Jetex Aviation,,,JXA,Lebanon,N
Jetflite,,,JEF,Finland,Y
Jetfly Airlines,,,JFL,Austria,N
Jetgo Australia,,JG,,Australia,Y
Jetgo International,,,JIC,Thailand,N
Jetlink Express,,,JLX,Kenya,N
Jetlink Holland,,,JLH,Netherlands,N
JetMagic,,,JMG,Ireland,N
Jetnova de Aviacion Ejecutiva,,,JNV,Spain,N
Jetpro,,,JPO,Mexico,N
Jetran Air,,,MDJ,Romania,N
Jetrider International,,,JRI,United Kingdom,N
Jets Ejecutivos,,,JEJ,Mexico,N
Jets Personales,,,JEP,Spain,N
Jets Y Servicios Ejecutivos,,,JSE,Mexico,N
JetsGo,,SG,JGO,Canada,N
Jetstar Airways,,JQ,JST,Australia,Y
Jetstar Asia Airways,,3K,JSA,Singapore,Y
Jetstar Japan,,,JJP,Japan,Y
Jetstar Pacific,Pacific Airlines,BL,PIC,Vietnam,Y
Jetstream Air,,,JSH,Hungary,N
Jetstream Executive Travel,,,JXT,United Kingdom,N
Jett Paqueteria,,,JPQ,Mexico,N
Jett8 Airlines Cargo,,JX,JEC,Singapore,N
Jettime,,,JTG,Denmark,N
Jettor Airlines,Jettor,NR,JTO,Hong Kong,Y
Jettrain Corporation,,,JTN,United States,N
Jetways of Iowa,,,JWY,United States,N
JetWind,,,JWW,United States,N
Jetx Airlines,,GX,JXX,Iceland,N
JHM Cargo Expreso,,,JHM,Costa Rica,N
Jibair,,,JIB,Djibouti,N
Jigsaw Project,,,JSW,United Kingdom,N
Jim Hankins Air Service,,,HKN,United States,N
Jim Ratliff Air Service,,,RAS,United States,N
Jin Air,,LJ,JNA,South Korea,Y
JM Family Aviation,,,TQM,United States,N
JMC Airlines,,,JMC,United Kingdom,N
Joanas Avialinijos,,,JDG,Lithuania,N
Job Air,,,JBR,Czech Republic,N
JobAir,,3B,,Czech Republic,Y
Johnson Air,,,JHN,United States,N
Johnsons Air,,,JON,Ghana,N
Johnston Airways,,,JMJ,United States,N
Joint Military Commission,,,JMM,Sudan,N
Jomartaxi Aereo,,,JMT,Mexico,N
Jonsson,,,ODI,ODINN,N
Jordan Aviation,,R5,JAV,Jordan,N
Jordan International Air Cargo,,,JCI,Jordan,N
Jorvik,,,JVK,Iceland,N
Jota Aviation,,,ENZ,United Kingdom,Y
Joy Air,,JR,JOY,China,Y
JS Air,,,JSJ,Pakistan,N
JS Aviation,,,JES,Mexico,N
JSC Transport Automated Information Systems,,1M,,Russia,N
Ju-Air,,,JUR,Switzerland,N
Juanda Flying School,,,JFS,Indonesia,N
Juba Cargo Services & Aviation Company,,,JUC,Sudan,N
Jubba Airways,,,JUB,Somali Republic,N
Jubilee Airways,,,DKE,United Kingdom,N
Juneyao Airlines,,HO,DKH,China,Y
Jupiter Airlines,,,JPU,United Arab Emirates,Y
Justair Scandinavia,,,MEY,Sweden,N
Justice Prisoner and Alien Transportation System,,,DOJ,United States,N
Jusur airways,,JX,JSR,Egypt,Y
K D Air Corporation,,,KDC,Canada,N
K S Avia,,,KSA,Latvia,N
K-Mile Air,,,KMI,Thailand,N
Kabo Air,,N2,QNK,Nigeria,N
Kahama Mining Corporation,,,KMC,Tanzania,N
Kaiser Air,,,KAI,United States,N
Kal Star Aviation,,,KLS,Indonesia,Y
Kalitta Air,,K4,CKS,United States,N
Kalitta Charters,,,KFS,United States,N
Kallat El Saker Air Company,,,KES,Libya,N
Kam Air,,RQ,KMF,Afghanistan,Y
Kampuchea Airlines,,E2,KMP,Cambodia,N
Kan Air,,,KND,Thailand,Y
Kanaf-Arkia Airlines,,,KIZ,Israel,N
Kanfey Ha'emek Aviation,,,KHE,Israel,N
Kansas State University,,,KSU,United States,N
Kar-Air,,,KAR,Finland,N
Karat,,V2,AKT,Russia,N
Karibu Airways Company,,,KRB,Tanzania,N
Karlog Air Charter,,,KLG,Denmark,N
Karthago Airlines,,,KAJ,Tunisia,N
Kartika Airlines,,,KAE,Indonesia,N
Kata Transportation,,,KTV,Sudan,N
Katekavia,,,KTK,Russia,N
Kato Airline,,,KAT,Norway,N
Kavminvodyavia,,KV,MVD,Russia,Y
Kavouras Inc,,,XKA,United States,N
Kaz Agros Avia,,,KRN,Kazakhstan,N
Kaz Air West,,,KAW,Kazakhstan,N
Kazan Aviation Production Association,,,KAO,Russia,N
Kazan Helicopters,,,KPH,Russia,N
Kazavia,,,KKA,Kazakhstan,N
Kazaviaspas,,,KZS,Kazakhstan,N
KD Avia,,KD,KNI,Russia,Y
Keenair Charter -,,,JFK,United Kingdom,N
Kelix Air,,,KLX,Nigeria,N
Kelner Airways,,,FKL,Canada,N
Kelowna Flightcraft Air Charter,,,KFA,Canada,N
Kendell Airlines,,,KDA,Australia,Y
Kenmore Air,,M5,KEN,United States,Y
Kenn Borek Air,,,KBA,Canada,N
Kent Aviation,,,KAH,Canada,N
Kenya Airways,,KQ,KQA,Kenya,Y
Kevis,,,KVS,Kazakhstan,N
Key Air,,,KWY,United States,N
Key Airlines,,,KEY,United States,N
Key Lime Air,,,LYM,United States,N
Keystone Aerial Surveys,,,FTP,United States,N
Keystone Air Services,,BZ,KEE,Canada,N
Khalifa Airways,,,KZW,Algeria,N
Kharkiv Airlines,,KH,KHK,Ukraine,Y
Kharkov Aircraft Manufacturing Company,,,WKH,Ukraine,N
Khazar,,,KHR,Turkmenistan,N
Khoezestan Photros Air Lines,,,KHP,Iran,N
Khoriv-Avia,,,KRV,Ukraine,N
Khors Aircompany,,,KHO,Ukraine,N
Khyber Afghan Airlines,,,KHY,Afghanistan,N
Kibris T,,KY,KYV,Turkey,N
Kiev Aviation Plant,,,UAK,Ukraine,N
King Aviation,,,KNG,United Kingdom,N
Kingfisher Air Services,,,BEZ,United States,N
Kingfisher Airlines,,IT,KFR,India,Y
Kingston Air Services,,,KAS,Canada,N
Kinloss Flying Training Unit,,,KIN,United Kingdom,Y
Kinnarps,,,KIP,Sweden,N
Kinshasa Airways,,,KNS,Democratic Republic of the Congo,N
Kirov Air Enterprise,,,KTA,Russia,N
Kish Air,,Y9,IRK,Iran,Y
Kitty Hawk Aircargo,,,KHA,United States,N
Kitty Hawk Airways,,,KHC,United States,N
Kiwi International Air Lines,,KP,KIA,United States,N
KLM Cityhopper,,WA,KLC,Netherlands,Y
KLM Helicopter,,,KLH,Netherlands,N
KLM Royal Dutch Airlines,,KL,KLM,Netherlands,Y
KMV,,МИ,,Russia,Y
Knight Air,,,KNA,Canada,N
Knighthawk Air Express,,,KNX,Canada,N
Knighthawk Express,,,KHX,United States,N
Knights Airlines,,,KGT,Nigeria,N
Koanda Avacion,,,KOA,Spain,N
Koda International,,,OYE,Nigeria,N
Kogalymavia Air Company,,7K,KGL,Russia,Y
Kom Activity,,,KOM,Netherlands,N
Komiaviatrans State Air Enterprise,,,KMA,Russia,N
Komiinteravia,,8J,KMV,Russia,N
Komsomolsk-on-Amur Air Enterprise,,,KNM,Russia,N
Koob-Corp - 96 KFT,,,KOB,Hungary,N
KoralBlue Airlines,,K7,KBR,Egypt,Y
Korea Express Air,,,KEA,South Korea,Y
Korean Air,,KE,KAL,Republic of Korea,Y
Korongo Airlines,,ZC,KGO,Congo (Kinshasa),Y
Kosmas Air,,,KMG,Serbia,N
Kosmos,,,KSM,Russia,Y
Kosova Airlines,,,KOS,Serbia,N
Kostromskie avialinii,,K1,KOQ,Russia,Y
Kovar Air,,,WOK,Czech Republic,N
Krasnojarsky Airlines,,7B,KJC,Russia,Y
Kremenchuk Flight College,,,KFC,Ukraine,N
Krimaviamontag,,,KRG,Ukraine,N
Kroonk Air Agency,,,KRO,Ukraine,N
Krylo Airlines,,K9,KRI,Russia,N
Krym,,,KYM,Ukraine,N
Krystel Air Charter,,,OPC,United Kingdom,N
KSY,Kreta Sky,KY,KSY,Greece,Y
Kuban Airlines,,GW,KIL,Russia,Y
Kunpeng Airlines,,VD,KPA,China,N
Kurzemes Avio,,,KZA,Russia,N
Kush Air,,,KUH,South Sudan,Y
Kustbevakningen,,,KBV,Sweden,N
Kuwait Airways,,KU,KAC,Kuwait,Y
Kuzu Airlines Cargo,,GO,KZU,Turkey,Y
Kvadro Aero,,,QVR,Kyrgyzstan,N
Kwena Air,,,KWN,South Africa,N
Kyrgyz Airlines,,N5,KGZ,Kyrgyzstan,N
Kyrgyz Trans Avia,,,KTC,Kyrgyzstan,N
Kyrgyzstan,,QH,LYN,Kyrgyzstan,N
Kyrgyzstan Airlines,,R8,KGA,Kyrgyzstan,N
Kyrgyzstan Department of Aviation,,,DAM,Kyrgyzstan,N
Kyrgz General Aviation,,,KGB,Kyrgyzstan,N
L,,MJ,LPR,Argentina,Y
L A Helicopter,,,LAH,United States,N
L J Aviation,,,LJY,United States,N
L R Airlines,,,LRB,Czech Republic,N
L&L Flygbildteknik,,,PHO,Sweden,N
L'Express,,,LEX,United States,N
L-3 Communications Flight Internation Aviation,,,FNT,United States,N
L.A.B. Flying Service,,JF,LAB,United States,N
La Ronge Aviation Services,,,ASK,Canada,N
La Valenciana Taxi Aereo,,,LVT,Mexico,N
Labcorp,,,SKQ,United States,N
Labrador Airways,,,LAL,Canada,N
LACSA,,LR,LRC,Costa Rica,Y
LADE - Lineas Aereas Del Estado,,,LDE,Argentina,N
Lagun Air,,N6,JEV,Spain,N
LAI - Linea Aerea IAACA,,KG,BNX,Venezuela,N
Lake Havasu Air Service,,,HCA,United States,N
Lakeland Aviation,,,LKL,United States,N
Laker Airways,,,LKR,United States,N
Laker Airways (Bahamas),,,LBH,United States,N
Lamra,,,LMR,Sudan,N
LAN Airlines,,LA,LAN,Chile,Y
LAN Argentina,,4M,DSM,Argentina,Y
LAN Cargo,,,LCO,Chile,N
LAN Dominica,,,LNC,Dominican Republic,N
LAN Express,,LU,LXP,Chile,Y
LAN Peru,,LP,LPE,Peru,Y
Lanaes Aereas Trans Costa Rica,,,TCR,Costa Rica,N
Landsflug,,,ISL,Iceland,N
Langtry Flying Group,,,PAP,United Kingdom,N
Lankair,,IK,LKN,Sri Lanka,N
LANSA,,,LSA,Dominican Republic,N
Lanza Air,,,LZA,Spain,N
Lanzarote Aerocargo,,,LZT,Spain,N
Lao Air Company,,,LLL,Lao Peoples Democratic Republic,N
Lao Airlines,,QV,LAO,Lao Peoples Democratic Republic,Y
Lao Capricorn Air,,,LKA,Lao Peoples Democratic Republic,N
Laoag International Airlines,,L7,LPN,Philippines,N
LAP Colombia - Lineas Aereas Petroleras,,,APT,LAP,N
Laredo Air,,,LRD,United States,N
LASTP,,,OTN,S,N
LatCharter,,,LTC,Latvia,Y
Latvian Air Force,,,LAF,Latvia,N
Lauda Air,,NG,LDA,Austria,Y
Lauda Air Italy,,,LDI,Italy,N
Laughlin Express,,,LEP,United States,N
Laus,,,LSU,Croatia,N
Lawrence Aviation,,,LAR,United States,N
Layang-Layang Aerospace,,,LAY,Malaysia,N
LC Busre,,,LCB,Peru,N
LCM AIRLINES,,LQ,LMM,Russia,Y
Lease-a-Plane International,,,LPL,United States,N
Lebanese Air Transport,,LQ,LAQ,Lebanon,N
Lebanese Air Transport (Charter),,,LAT,Lebanon,N
Lebanon Airport Development Corporation,,,LAD,United States,N
Leconte Airlines,,,LCA,United States,N
Leeming Flying Training Unit,,,LEE,United Kingdom,N
Leeward Islands Air Transport,,LI,LIA,Antigua and Barbuda,Y
Legend Airlines,,,LGD,United States,N
Leisure Air,,,LWD,United States,N
Lentini Aviation,,,LEN,United States,N
Leo-Air,,,LOR,South Africa,N
Leonsa De Aviacion,,,LEL,Spain,N
Liberty Airways,,LE,LTY,United States,Y
Libyan Airlines,,,LYW,Libya,N
Libyan Arab Air Cargo,,,LCR,Libya,N
Libyan Arab Airlines,,LN,LAA,Libya,Y
Lid Air,,,LIQ,Sweden,N
Lignes Aeriennes Congolaises,,,LCG,Democratic Republic of the Congo,N
Lignes Aeriennes Du Tchad,,,LKD,Chad,N
Lignes Mauritaniennes Air Express,,,LME,Mauritania,N
Lignes Nationales Aeriennes - Linacongo,,,GCB,Republic of the Congo,N
Lina Congo,,GC,,Congo (Brazzaville),N
Lincoln Air National Guard,,,GDQ,United States,N
Lincoln Airlines,,,LRT,Australia,N
Lindsay Aviation,,,LSY,United States,N
Line Blue,,L8,LBL,Germany,Y
Linea Aerea Costa Norte,,,NOT,Chile,N
Linea Aerea de Fumig Aguas Negras,,,NEG,Chile,N
Linea Aerea de Servicio Ejecutivo Regional,,8z,LER,Venezuela,N
Linea Aerea Mexicana de Carga,,,LMC,Mexico,N
Linea Aerea SAPSA,,L7,LNP,Chile,N
Linea De Aeroservicios,,,LSE,Chile,N
Linea Turistica Aerotuy,,LD,TUY,Venezuela,N
Lineas Aereas Alaire S.L.,,,ALR,Spain,N
Lineas Aereas Azteca,,ZE,LCD,Mexico,N
Lineas Aereas Canedo LAC,,,LCN,Bolivia,N
Lineas Aereas Comerciales,,,LCM,Mexico,N
Lineas Aereas del Humaya,,,UMA,Mexico,N
Lineas Aereas Ejectuivas De Durango,,,EDD,Mexico,N
Lineas Aereas Eldorado,,,EDR,Colombia,N
Lineas Aereas Federales,,,FED,Argentina,N
Lineas Aereas Monarca,,,LMN,Mexico,N
Lineas Aereas San Jose,,,LIJ,Mexico,N
Linex,,,LEC,Central African Republic,N
Linhas A,,LM,LAM,Mozambique,Y
Linhas Aereas Santomenses,,,SMS,S,N
Link Airways of Australia,,,LAW,Australia,N
Linton-on-Ouse Flying Training Unit,,,LOP,United Kingdom,N
Lion Air Services,,,WGT,United Kingdom,N
Lion Mentari Airlines,,JT,LNI,Indonesia,Y
Lions-Air,,,LEU,Switzerland,N
LionXpress,lionXpress,C4,LIX,Cameroon,Y
Lithuanian Air Force,,,LYF,Lithuania,N
Little Red Air Service,,,LRA,Canada,N
Livingston,,LM,LVG,Italy,N
Llloyd Helicopters,,::,:::,Australia,N
Lloyd Aereo Boliviano,,LB,LLB,Bolivia,N
Lnair Air Services,,,LNA,Spain,N
Locair,,ZQ,LOC,United States,Y
Lockeed Aircraft Corporation,,,LAC,United States,N
Lockheed Air Terminal,,,XLG,United States,N
Lockheed DUATS,,,XDD,United States,N
Lockheed Martin Aeronautics,,,CBD,United States,N
Lockheed Martin Aeronautics Company,,,LNG,United States,N
Logan Air,,,LOG,United Kingdom,N
Lom Praha Flying School,,,CLV,Czech Republic,N
Lomas Helicopters,,,LMS,United Kingdom,N
Lombards Air,,++,---,South Africa,N
London City Airport Jet Centre,,,LCY,United Kingdom,N
London Executive Aviation,,,LNX,United Kingdom,N
London Flight Centre (Stansted),,,LOV,United Kingdom,N
London Helicopter Centres,,,LHC,United Kingdom,N
Lone Star Airlines,,,LSS,United States,N
Long Island Airlines,,,ORA,United States,N
Longtail Aviation,,,LGT,Bermuda,N
Lorraine Aviation,,,LRR,France,N
Los Cedros Aviacion,,,LSC,Chile,N
Lossiemouth Flying Training Unit,,,LOS,United Kingdom,N
LOT Polish Airlines,,LO,LOT,Poland,Y
Lotus Air,,,TAS,Egypt,N
LSM Airlines,slowbird,PQ,LOO,Russia,Y
LSM International,Moskva-air,II,UWW,Russia,Y
LTE International Airways,,XO,LTE,Spain,Y
LTU Austria,,L3,LTO,Austria,Y
LTU International,,LT,LTU,Germany,N
LTV Jet Fleet Corporation,,,JFC,United States,N
Luchsh Airlines,Air luch,L4,LJJ,Russia,Y
Luchtvaartmaatschappij Twente,,,LTW,Netherlands,N
Lucky Air,,,LKE,China,N
Luft Carago,,,LUT,South Africa,N
Luftfahrt-Vermietungs-Dienst,,,LVD,Austria,N
Luftfahrtgesellschaft Walter,,HE,LGW,Germany,Y
Lufthansa,,LH,DLH,Germany,Y
Lufthansa Cargo,,LH,GEC,Germany,Y
Lufthansa CityLine,,CL,CLH,Germany,Y
Lufthansa Systems,,L1,,Germany,N
Lufthansa Technik,,,LHT,Germany,N
Lufttaxi Fluggesellschaft,,DV,LTF,Germany,N
Lufttransport,,L5,LTR,Norway,Y
Lugansk Airlines,,L7,,Ukraine,Y
Luhansk,,,LHS,Ukraine,N
LUKoil-Avia,,,LUK,Russia,N
Lund University School of Aviation,,,UNY,Sweden,N
Luxair,,LG,LGL,Luxembourg,Y
Luxaviation,,,LXA,Luxembourg,N
Luxembourg Air Rescue,,,LUV,Luxembourg,N
Luxflight Executive,,,LFE,Luxembourg,N
Luxor Air,,,LXO,Egypt,N
Luzair,,,LUZ,Portugal,N
Lviv Airlines,,5V,UKW,Ukraine,N
Lydd Air,,,LYD,United Kingdom,N
Lynch Flying Service,,,LCH,United States,N
Lynden Air Cargo,,L2,LYC,United States,N
Lynx Air International,,,LXF,United States,N
Lynx Aviation,,,LYX,Pakistan,N
Lynx Aviation (L3/SSX),,,SSX,United States,N
LÍO Flugmennt,,,LIO,Iceland,N
M & N Aviation,,,JNH,United States,N
Maastricht Airlines,,W2,,Netherlands,Y
Mac Aviation,,,MAQ,Spain,N
Mac Dan Aviation Corporation,,,MCN,United States,N
MAC Fotografica,,,MCF,Spain,N
Macair Airlines,,CC,MCK,Australia,Y
Macedonian Airlines,,,MCS,Greece,N
MacKnight Airlines,,,MTD,Australia,N
Madina Air,,,MDH,Libya,N
Maersk,,DM,,Denmark,Y
Magic Blue Airlines,,,MJB,Netherlands,N
Magna Air,,,MGR,Austria,N
Mahalo Air,,,MLH,United States,N
Mahan Air,,W5,IRM,Iran,Y
Mahfooz Aviation,,M2,MZS,Gambia,N
Maine Aviation,,,MAT,United States,N
Majestic Airlines,,,MAJ,United States,N
Mak Air,,,AKM,Kazakhstan,N
Malagasy Airlines,,,MLG,Madagascar,N
Malawi Express,,,MLX,Malawi,N
Malawian Airlines,,3W,,Malawi,Y
Malaya Aviatsia Dona,,,MKK,Russia,N
Malaysia Airlines,,MH,MAS,Malaysia,Y
Malaysia Wings,,,MWI,Malaysia,Y
Maldivian,,Q2,,Maldives,Y
Maldivian Air Taxi,,8Q,,Maldives,Y
Maldivo Airlines,,ML,MAV,Maldives,Y
Mali Air,,,MAE,Austria,N
Mali Air Express,,,VXP,Mali,N
Mali Airways,,,MTZ,Mali,N
Malila Airlift,,,MLC,Democratic Republic of the Congo,N
Malindo Air,,OD,MXD,Malaysia,Y
Mall Airways,,,MLS,United States,N
Malmo Aviation,,,SCW,Sweden,Y
Malmoe Air Taxi,,,LOD,Sweden,N
Malmö Aviation,,TF,SCW,Sweden,Y
Malta Air Charter,,R5,MAC,Malta,Y
Malta Wings,,,MWS,Malta,N
Malév,,MA,MAH,Hungary,Y
Manaf International Airways,,,MLB,Burundi,N
MANAG'AIR,,,MRG,France,N
Mandala Airlines,,RI,MDL,Indonesia,Y
Mandarin Airlines,,AE,MDA,Taiwan,Y
Mango,,JE,MNO,South Africa,Y
Manhattan Air,,,MHN,United Kingdom,N
Manitoulin Air Services,,,MTO,Canada,N
Mann Air,,,MNR,United Kingdom,N
Mann Yadanarpon Airlines,,,MYP,Burma,Y
Mannion Air Charter,,,MAN,United States,N
Mantrust Asahi Airways,,,MTS,Indonesia,N
Manx Airlines,,,MNX,United Kingdom,N
MAP-Management and Planung,,,MPJ,Austria,N
Maple Air Services,,,MAD,Canada,N
March Helicopters,,,MAR,United Kingdom,N
Marcopolo Airways,,,MCP,Afghanistan,N
Marghi Air,,,MGI,Nigeria,N
Marham Flying Training Unit,,,MRH,United Kingdom,N
Markair,,,MRK,United States,N
Markoss Aviation,,,MKO,United Kingdom,N
Mars RK,,6V,MRW,Ukraine,N
Marshall Aerospace,,,MCE,United Kingdom,N
Marsland Aviation,,M7,MSL,Sudan,N
Martin Aviation Services,,,XMA,United States,N
Martin-Baker,,,MBE,United Kingdom,N
Martinair,,MP,MPH,Netherlands,Y
Martinaire,,,MRA,United States,N
Martyn Fiddler Associates,,,MFA,United Kingdom,N
Marusya Airways,Marusya Air,Y8,MRS,Russia,Y
Marvin Limited,,,MVN,United Kingdom,N
Maryland Air,Maryland,M1,M1F,United States,Y
Maryland State Police,,,TRP,United States,N
Marysya Airlines,MARYSYA AIRLINES,M4,1QA,Russia,Y
MAS Airways,,,TFG,United Kingdom,N
MasAir,,M7,MAA,Mexico,Y
Massachusetts Institute of Technology,,,MTH,United States,N
Massey University School of Aviation,,,MSY,New Zealand,N
Master Airways,,,MSW,Serbia,N
Master Planner,,,MPL,United States,N
Masterjet,,,LMJ,Portugal,N
Mastertop Linhas Aereas,,Q4,,Brazil,N
MAT Airways,,6F,MKD,Macedonia,Y
MAT Macedonian Airlines,,IN,MAK,Macedonia,Y
Mauria,,,MIA,Mauritania,N
Mauritania Airlines International,,L6,MAI,Mauritania,Y
Mauritania Airways,,,MTW,Mauritania,Y
Mauritanienne Aerienne Et Navale,,,MNV,Mauritania,N
Mauritanienne Air Fret,,,MRF,Mauritania,N
Mauritanienne Airways,,,MWY,Mauritania,N
Mauritanienne De Transport Aerien,,,MDE,Mauritania,N
Maverick Airways,,,MVR,United States,N
Mavial Magadan Airlines,,H5,MVL,Russia,N
Max Avia,,,MAI,Kyrgyzstan,N
Max Sea Food,,,MSF,El Salvador,N
Max-Aviation,,,MAX,Canada,N
Maxair,,8M,MXL,Sweden,Y
Maximus Air Cargo,,,MXU,United Arab Emirates,N
Maxjet Airways,,MY,MXJ,United States,N
Maxsus-Avia,,,MXS,Uzbekistan,N
May Air Xpress,,,MXP,United States,N
Maya Island Air,,MW,MYD,Belize,Y
Mayair,,,MYI,Mexico,N
Mbach Air,,,MBS,Malawi,N
MCA Airlines,,,MCA,Sweden,Y
McAlpine Helicopters,,,MCH,United Kingdom,N
MCC Aviation,,,MCC,South Africa,N
McCall Aviation,,,MKL,United States,N
McDonnell Douglas,,,DAC,United States,N
McNeely Charter Services,,,MDS,United States,N
MDLR Airlines,,9H,,India,Y
Med Airways,,7Y,,Lebanon,Y
Med-Trans of Florida,,,MEK,United States,N
Medallion Air,,,MDP,Romania,Y
Medavia Company,,,MDM,Malta,N
Medical Air Rescue Services,,,MRZ,Zimbabwe,N
Medical Aviation Services,,,MCL,United Kingdom,N
Mediterranean Air Freight,,,MDF,Greece,N
Mediterranean Airways,,,MDY,Egypt,N
Medjet International,,,MEJ,United States,N
Mega,,,MGK,Kazakhstan,N
Mega Linhas Aereas,,,MEL,Brazil,N
Mekong Airlines,,,MKN,Cambodia,N
Menajet,,IM,MNJ,Lebanon,N
Merchant Express Aviation,,,MXX,Nigeria,N
Mercury Aircourier Service,,,MEC,United States,N
Meridian,,,POV,Ukraine,N
Meridian Air Cargo,,,MRD,United States,N
Meridian Airlines,,,MHL,Nigeria,N
Meridian Aviation,,,DSL,United Kingdom,N
Meridian Limited,,,MEM,Ukraine,N
Meridiana,,IG,ISS,Italy,Y
Merlin Airways,,,MEI,United States,N
Merpati Nusantara Airlines,,MZ,MNA,Indonesia,Y
Mesa Airlines,,YV,ASH,United States,Y
Mesaba Airlines,,XJ,MES,United States,Y
Meta Linhas A,,,MSQ,Brazil,N
Meteorological Research Flight,,,MET,United Kingdom,N
Methow Aviation,,,MER,United States,N
Metro Batavia,,7P,BTV,Indonesia,Y
Metro Business Aviation,,,MVI,United Kingdom,N
Metro Express,,,MEX,United States,N
Metroflight,,,MTR,United States,N
Metrojet,,,MTJ,Hong Kong SAR of China,N
Metropix UK,,,PIX,United Kingdom,N
Metroplis,,,MPS,Netherlands,N
Mex Blue,,,MXB,Mexico,N
Mex-Jet,,,MJT,Mexico,N
Mexicana de Aviaci,,MX,MXA,Mexico,Y
MexicanaLink,,I6,MXI,Mexico,Y
Mexico Transportes Aereos,,,MXT,Mexico,N
MG Aviacion,,,MGA,Spain,N
MHS Aviation GmbH,,M2,,Germany,Y
MIA Airlines,,,JLA,Romania,N
Miami Air Charter,,,HUR,United States,N
Miami Air International,,GL,BSK,United States,N
Miami Valley Aviation,,,OWL,United States,N
Miapet-Avia,,,MPT,Armenia,N
MIAT Mongolian Airlines,,OM,MGL,Mongolia,Y
Michael Airlines,Javi,DF,MJG,Puerto Rico,Y
Michelin Air Services,,,BIB,France,N
Micromatter Technology Solutions,,,WIZ,United Kingdom,N
Mid Airlines,,,NYL,Sudan,N
Mid-Pacific Airlines,,,MPA,United States,N
Midamerica Jet,,,MJR,United States,N
Middle East Airlines,,ME,MEA,Lebanon,Y
Midland Airport Services,,,MID,United Kingdom,N
Midline Air Freight,,,MFR,United States,N
Midstate Airlines,,,MIS,United States,N
Midway Airlines,,JI,MDW,United States,Y
Midway Express,,,FLA,United States,N
Midwest Air Freighters,,,FAX,United States,N
Midwest Airlines,,YX,MEP,United States,Y
Midwest Airlines (Egypt),,MY,MWA,Egypt,Y
Midwest Aviation,,,NIT,United States,N
Midwest Aviation Division,,,MWT,United States,N
Midwest Helicopters De Mexico,,,HTE,Mexico,N
Millardair,,,MAB,Canada,N
Millen Corporation,,,RJM,United Kingdom,N
Millennium Air,,,MLK,Nigeria,N
Miller Flying Services,,,MFS,United States,N
Million Air,,,OXO,United States,N
Mimino,,,MIM,Russia,N
Mina Airline Company,,,NAB,Egypt,N
Minair,,,OMR,Central African Republic,N
Minebea Technologies,,,EBE,United States,N
Minerva Airlines,,N4,,Italy,N
Mines Air Services Zambia,,,MAZ,Zambia,N
Miniliner,,,MNL,Italy,N
Ministic Air,,,MNS,Canada,N
Ministry of Agriculture,,,WDG,WATCHDOG,N
Minsk Aircraft Overhaul Plant,,,LIR,Belarus,N
Mint Airways,,,MIC,Spain,Y
Miramichi Air Service,,,MIR,Canada,N
Miras,,,MIF,Kazakhstan,N
Misr Overseas Airways,,,MOS,Egypt,N
Mission Aviation Fellowship,,,MAF,Indonesia,N
Missionair,,,MSN,Spain,N
Missions Gouvernemtales Francaises,,,MRN,France,N
Mississippi State University,,,BDG,United States,N
Mississippi Valley Airways,,,MVA,United States,N
Mistral Air,,,MSA,Italy,N
MIT Airlines,,,MNC,Canada,N
MK Airline,,,MKA,Ghana,N
MNG Airlines,,MB,MNB,Turkey,Y
Mobil Oil,,,MBO,Canada,N
Mocambique Expresso,,,MXE,Mozambique,N
Mofaz Air,,,MFZ,Malaysia,N
Moldaeroservice,,,MLE,Moldova,N
Moldavian Airlines,,2M,MDV,Moldova,Y
Moldova,,,MVG,Moldova,N
Mombasa Air Safari,,,RRV,Kenya,N
Monarch Airlines,,ZB,MON,United Kingdom,Y
Moncton Flying Club,,,MFC,Canada,N
Monde Air Charters,,,MDB,United Kingdom,N
Monerrey Air Taxi,,,MTI,Mexico,N
Mongolian International Air Lines,Mongol Air,7M,ZTF,Mongolia,Y
Monky Aerotaxis,,,MKY,Mexico,N
Montenegro Airlines,,YM,MGX,Montenegro,Y
Montserrat Airways,,,MNT,Montserrat,N
Mooney Aircraft Corporation,,,MNY,United States,N
Morningstar Air Express,,,MAL,Canada,Y
Morris Air Service,,,MSS,United States,N
Morrison Flying Service,,,MRO,United States,N
Moskovia Airlines,,3R,GAI,Russia,Y
Mosphil Aero,,,MPI,Philippines,N
Motor Sich,,M9,MSI,Ukraine,Y
Mount Cook Airlines,,NM,NZM,New Zealand,N
Mountain Air Cargo,,,MTN,United States,N
Mountain Air Company,,N4,MTC,Sierra Leone,N
Mountain Air Express,,,PKP,United States,N
Mountain Air Service,,,BRR,United States,N
Mountain Bird,,,MBI,United States,N
Mountain High Aviation,,,MHA,United States,N
Mountain Pacific Air,,,MPC,Canada,N
Mountain Valley Air Service,,,MTV,United States,N
Mowhawk Airlines,,,MOW,United States,N
MSR Flug-Charter,,,EBF,Germany,N
MTC Aviacion,,,MCV,Mexico,N
Mudan Airlines,,,MDN,Somali Republic,N
Mudanjiang General Aviation,,,CMJ,China,N
Multi Taxi,,,MTX,Mexico,N
Multi-Aero,,,WBR,United States,N
Multiflight,,,MFT,,N
Murmansk Aircompany,,,MNZ,Russia,N
Murray Air,,,MUA,United States,N
Musrata Air Transport,,,MMR,Libya,N
Mustique Airways,,,MAW,Barbados,N
My Way Airlines,,,MYW,Italy,N
Myanma Airways,,UB,UBA,Myanmar,Y
Myanmar Airways International,,8M,MMM,Myanmar,Y
Myflug,,,MYA,Iceland,Y
MyTravel Airways,,VZ,MYT,United Kingdom,Y
Myway Airlines,,8I,,Italy,Y
N1,,N1,,Peru,Y
Nacoia Lda,,,ANL,Angola,N
Nada Air Service,,,NHZ,Chad,N
Naft Air Lines,,,IRG,Iran,N
Nahanni Air Services Ltd,,,NAH,Canada,N
Naka Nihon Airlines Service,,NV,ALS,Japan,N
Nakheel Aviation,,,NKL,United Arab Emirates,N
Namibia Commerical Aviation,,,MRE,Namibia,N
Namibian Defence Force,,,NDF,Namibia,N
Nanjing Airlines,,,CNJ,China,N
Nantucket Airlines,,DV,ACK,United States,N
Nanyah Aviation,,,NYA,Israel,N
Napier Air Service Inc,,,NAP,United States,N
Nas Air,,,NCM,Angola,N
Nasair,,UE,NAS,Eritrea,Y
Nashville Jet Charters,,,NJC,United States,N
Natalco Air Lines,,,NCO,S,N
Natioanl Air Traffic Controllers Association,,,NTK,United States,N
National Air Cargo,,N8,NCR,United States,Y
National Air Charter,,,NSR,Indonesia,N
National Air Traffic Services,,,RFI,United Kingdom,N
National Airlines,,,NAN,United States,N
National Airways Cameroon,,9O,,Cameroon,N
National Airways Corporation,,,LFI,South Africa,N
National Aviation Company,,,GTY,Egypt,N
National Aviation Consultants,,,TNC,Canada,N
National Express,,,NXT,United States,N
National Grid,,,GRD,United Kingdom,N
National Jet Express,,,JTE,Australia,N
National Jet Service,,,AND,United States,N
National Jet Systems,,NC,NJS,Australia,Y
National Oceanic and Atmospheric Administration,,,NAA,United States,N
National Overseas Airlines Company,,,NOL,Egypt,N
Nationale Luchtvaartschool,,,NLS,Netherlands,N
Nations Air Express Inc,,,NAE,United States,N
Nationwide Airlines,,CE,NTW,South Africa,Y
Nationwide Airlines (Zambia),,,NWZ,Zambia,N
Natural Environment Research Council,,,EVM,United Kingdom,N
Natureair,,,NRR,Costa Rica,N
Naturelink Charter,,,NRK,South Africa,N
Nauru Air Corporation,,ON,RON,Nauru,Y
NAV CANADA,,,NVC,Canada,N
Nav Flight Planning,,,NAV,Czech Republic,N
Navegacao Aerea De Portugal,,,NVP,Portugal,N
Navegacion Servicios Aereos Canarios SA,,,NAY,Spain,N
Navid,,,IRI,Iran,N
Naviera Mexicana,,,NVM,Mexico,N
Navigator Airlines,,,NVL,Armenia,N
Navinc Airlines Services,,,XNV,United States,N
Navitaire,,1N,,United States,N
Navtech System Support,,,XNS,Canada,N
Nayzak Air Transport,,,NZA,Libya,N
Nazca,,-.,,Peru,N
Necon Air,,,NEC,Nepal,N
Nederlandse Kustwacht,,,NCG,Netherlands,N
Nefteyugansk Aviation Division,,,NFT,Russia,N
Neiltown Air,,,NLA,Canada,N
NEL Cargo,,,NLG,Ivory Coast,N
Nelair Charters,,,NLC,South Africa,N
Nelson Aviation College,,,CGE,New Zealand,N
Neos,,NO,NOS,Italy,N
Neosiam Airways,,,TOX,Thailand,N
Nepal Airlines,,RA,RNA,Nepal,Y
NEPC Airlines,,D5,,India,N
Neric,,,NSL,United Kingdom,N
Nesma Airlines,,,NMA,Egypt,Y
NetJets,,,EJA,United States,N
Network Aviation Services,,,NET,Nigeria,N
New England Air Express,,,NEZ,United States,N
New England Airlines,,EJ,NEA,United States,Y
New Heights 291,,,NHT,South Africa,N
New World Jet Corporation,,,NWD,United States,N
New York Helicopter,,,NYH,United States,N
New York State Police,,,GRY,United States,N
New Zealand Air Defence Force,,,KRC,New Zealand,N
Newair,,,HVA,United States,N
Newfoundland Labrador Air Transport,,,NLT,Canada,N
NEXT Brasil,NEXT,XB,NXB,Brazil,Y
Nextflight Aviation,,,NXF,United States,N
NextJet,,2N,NTJ,Sweden,Y
Nexus Aviation,,,NXS,Nigeria,N
NHT Lineas Aereas,,,NHG,Brazil,N
Nicaraguense De Aviacion,,,NIS,Nicaragua,N
Nicon Airways,,,NCN,Nigeria,N
Nigeria Airways,,,NGA,Nigeria,N
Nigerian Air Force,,,NGR,Nigeria,N
Nigerian Global,,,NGX,Nigeria,N
Night Express,,,EXT,Germany,N
Nihon.jet,,NJ,,Japan,N
Nihon.jet connect,,,NX1,Kyrgyzstan,Y
Nik Airways,,X1,,Saudi Arabia,N
Niki,,HG,NLY,Austria,Y
Nikolaev-Air,,,NKV,Ukraine,N
Nile Air,,NP,NIA,Egypt,Y
Nile Safaris Aviation,,,NSA,Sudan,N
Nile Valley Aviation Company,,,NVA,Egypt,N
Nile Wings Aviation Services,,,NLW,Sudan,N
Nimbus Aviation,,,NBS,United Kingdom,N
Nippon Cargo Airlines,,KZ,NCA,Japan,N
Nizhnevartovskavia,,,NVK,Russia,N
No. 32 (The Royal) Squadron RAF,,,NOH,United Kingdom,N
Nobil Air,,,NBL,Moldova,N
Nok Air,,DD,NOK,Thailand,Y
Nolinor Aviation,,,NRL,Canada,N
Nomad Aviation,,,NMD,Namibia,N
Norcopter,,,NOC,Norway,N
Nord-Flyg,,,NEF,Sweden,N
Nordeste Linhas Aereas Regionais,,JH,NES,Brazil,N
Nordic Global Airlines,,NJ,NGB,Finland,Y
Nordic Regional,,6N,NRD,Sweden,N
Nordic Solutions,,,NVD,Lithuania,N
Nordica,,EE,,Estonia,Y
NordStar Airlines,,Y7,,Russia,Y
Nordstree (Australia),,,NDS,Australia,N
NordWind Airlines,NordWind Airlines,,NWS,Russia,N
Norestair,,,NRT,Spain,N
Norfolk County Flight College,,,NCF,United Kingdom,Y
Norlandair,,,FNA,Iceland,Y
Norontair,,,NOA,Canada,N
Norrlandsflyg,,,HMF,Sweden,N
Norse Air Charter,,,NRX,South Africa,N
Norsk Flyrjeneste,,,NIR,Norway,N
Norsk Helikopter,,,NOR,Norway,N
Norsk Luftambulanse,,,DOC,Norway,N
Nortavia,,,RTV,Portugal,N
Norte Lineas Aereas,NORTE,N0,,Argentina,Y
North Adria Aviation,,,NAI,Croatia,N
North American Airlines,,,NTM,Canada,Y
North American Charters,,,HMR,Canada,Y
North American Jet Charter Group,,,NAJ,United States,N
North Atlantic Air Inc,,,NAT,United States,N
North Atlantic Cargo,,,NFC,Norway,N
North British Airlines,,,NBN,United Kingdom,N
North Caribou Flying Service Ltd,,,NCB,Canada,N
North Coast Air Services Ltd,,,NCC,Canada,N
North Coast Aviation,,N9,,Papua New Guinea,N
North Flying,,M3,NFA,Denmark,N
North Pacific Airlines,,NO,,United States,N
North Sea Airways,,,NRC,Netherlands,N
North Star Air Cargo,,,SBX,United States,N
North Vancouver Airlines,,,NRV,Canada,N
North West Airlines,,,NWW,Australia,N
North West Geomatics,,,PTO,Canada,N
North-East Airlines,,,NEN,Nigeria,N
North-West Air Transport Company - Vyborg,,,VBG,Russia,N
North-Wright Airways,,HW,NWL,Canada,N
Northafrican Air Transport,,,NLL,Libya,N
Northaire Feight Lines,,,NFL,United States,N
Northamptonshire School of Flying,,,NSF,United Kingdom,N
Northcoast Executive Airlines,,,NCE,United States,N
Northeast Airlines,,,NEE,United States,N
Northeast Aviation,,,NPX,United States,N
Northern Air Cargo,,NC,NAC,United States,N
Northern Airlines Sanya,,,BYC,China,N
Northern Airways,,,NDA,United States,N
Northern Aviation Service,,,CMU,Thailand,N
Northern Dene Airways,,U7,,Canada,Y
Northern Executive Aviation,,,NEX,United Kingdom,N
Northern Illinois Commuter,,,NIC,United States,N
Northern Jet Management,,,NTX,United States,N
Northern Thunderbird Air,,,NTA,Canada,N
Northland Aviation,,,KOE,United States,N
Northstar Aviation,,,NSS,United States,N
Northumbria Helicopters,,,NHL,United Kingdom,N
Northway Aviation Ltd,,,NAL,Canada,N
Northwest Aero Associates,,,NWE,United States,N
Northwest Airlines,,NW,NWA,United States,Y
Northwest Regional Airlines,,FY,NWR,Australia,N
Northwest Territorial Airways,,,NWT,Canada,N
Northwestern Air,,J3,PLR,Canada,Y
Northwinds Northern,,,NWN,Canada,N
Northwood Headquarters (RAF,,,NWO,United Kingdom,N
Nortland Air Manitoba,,,NAM,Canada,N
Norwegian Air International (D8),,,IBK,Norway,Y
Norwegian Air Shuttle,,DY,NAX,Norway,Y
Norwegian Aviation College,,,TFN,Norway,Y
Norwegian Long Haul AS,,DU,NLH,Norway,Y
Notams International,,,XNT,United States,N
Nouvel Air Tunisie,,BJ,LBT,Tunisia,Y
Nova Airline,,M4,NOV,Sudan,N
Nova Scotia Department of Lands and Forests,,,PTR,Canada,N
Novair,,1I,NVR,Sweden,Y
Novogorod Air Enterprise,,,NVG,Russia,N
Novosibirsk Aircraft Repairing Plant,,,NSP,Russia,N
Novosibirsk Aviaenterprise,,,NBE,Russia,N
Novosibirsk Aviation Production Association,,,NPO,Russia,N
Noy Aviation,,,NOY,Israel,N
Nuevo Continente,,N6,ACQ,Peru,N
Nuevo Horizonte Internacional,,,NHR,Mexico,N
Nunasi-Central Airlines,,,NUN,Canada,N
Nurman Avia Indopura,,,NIN,Indonesia,N
Nyasa Express,,,NYS,Malawi,N
NZ Warbirds Association,,,WAR,New Zealand,N
Nürnberger Flugdienst,,,NFD,Germany,N
O Air,,,OCN,France,N
O'Connor Airlines,,UQ,OCM,Australia,N
OAG,,CR,,United Kingdom,N
Oasis Hong Kong Airlines,,O8,OHK,Hong Kong,Y
Ocean Air,,,BCN,Mauritania,Y
OCEAN AIR CARGO,,,IXO,India,Y
Ocean Airlines,,VC,VCX,Italy,N
Ocean Sky (UK),,,OCS,United Kingdom,N
Ocean Wings Commuter Service,,,TUK,United States,N
Oceanair,,O6,ONE,Brazil,Y
Oceanic Airlines,,O2,,Guinea,Y
Odessa Airlines,,,ODS,Ukraine,N
Odyssey International,,,ODY,Canada,N
Office Federal De'Aviation Civile,,,FOC,Switzerland,N
Ogooue Air Cargo,,,GBO,Gabon,N
Okada Airlines,,,OKJ,Nigeria,N
Okapi Airways,,,OKP,Democratic Republic of Congo,N
Okay Airways,,,OKA,China,N
Oklahoma Department of Public Safety,,,OKL,United States,N
Olimex Aerotaxi,,,OLX,Czech Republic,N
Olimp Air,,,KVK,Kazakhstan,N
Olympic Airlines,,OA,OAL,Greece,Y
Olympic Aviation,,,OLY,Greece,N
Oman Air,,WY,OMA,Oman,Y
Oman Royal Flight,,,ORF,Oman,N
Omni - Aviacao e Tecnologia,,,OAV,Portugal,N
Omni Air International,,OY,OAE,United States,Y
Omniflys,,,OMF,Mexico,N
Omskavia Airline,,N3,OMS,Russia,N
On Air Limited,,,ORL,Canada,N
One Two Go Airlines,,,OTG,Thailand,Y
OneChina,OneChina,1C,1CH,China,Y
OneJet,,J1,,United States,Y
Onetime Airlines Zambia,,,OTM,Zambia,N
Ontario Ministry of Health,,,MED,Canada,N
Onur Air,,8Q,OHY,Turkey,Y
Opal Air,,,OPA,Australia,N
Open Skies Consultative Commission,,1L,OSY,United States,N
Open Sky Aviation,,,OSA,Lebanon,N
OpenSkies,,,BOS,United Kingdom,N
Operadora de Lineas Ejecutivas,,,OLE,Mexico,N
Operadora de Transportes Aereos,,,OTP,Mexico,N
Operadora de Veulos Ejectutivos,,,OPV,Mexico,N
Operadora Turistica Aurora,,,ORR,Mexico,N
Operation Enduring Freedom,,,LLO,Canada,N
Operational Aviation Services,,,OAX,Australia,N
Orange Air Services,,,ORD,Sierra Leone,N
Orange Air Sierra Leone,,,ORJ,Sierra Leone,N
Orange Aviation,,,ORE,Israel,N
Orbest,,,OBS,Portugal,Y
Orbit Airlines,Orbit,,OBT,United States,Y
Orbit Airlines Azerbaijan,Orbit Azerbaijan,O1,OAB,Azerbaijan,Y
Orbit Atlantic Airways,,,OAN,United States,Y
Orbit Express Airlines,,,ORX,Turkey,N
Orbit International Airlines,,,OAI,United States,Y
Orbit Regional Airlines,,,OAR,United States,Y
Orca Air,,,ORK,Egypt,N
Orchid Airlines,,OI,ORC,Australia,Y
Orebro Aviation,,,BUE,Sweden,N
Orel State Air Enterprise,,,ORM,Russia,N
Orenburg Airlines,,R2,ORB,Russia,Y
Orenburzhie,,,ORG,Russia,Y
Organizacion De Transportes Aereos,,,OTA,Mexico,N
Organizacoes Mambra,,,OML,Angola,N
Orient Air,,,OVV,Syrian Arab Republic,N
Orient Airlines,,,OTR,Sudan,N
Orient Airways,,,ORN,Pakistan,N
Orient Thai Airlines,,OX,OEA,Thailand,Y
Oriental Air Bridge,,,NGK,Japan,N
Oriental Airlines,,,OAC,Nigeria,N
Origin Pacific Airways,,QO,OGN,New Zealand,Y
Orion Air Charter,,,OED,South Africa,N
Orion-x,,,OIX,Russia,N
Orlan-2000,,,KOV,Kazakhstan,N
Ornage Aircraft Leasing,,,RNG,Netherlands,N
Orscom Tourist Installations Company,,,OAD,Egypt,N
OSACOM,,,JPA,United States,N
Osh Avia,,,OSH,Kyrgyzstan,N
Ostend Air College,,,OCO,Belgium,N
Ostfriesische Lufttransport,,OL,OLT,Germany,Y
Oulun Tilauslento,,,FNL,Finland,N
Our Airline,,ON,RON,Nauru,N
Out Of The Blue Air Safaris,,,OOT,South Africa,N
Overland Airways,,OJ,OLA,Nigeria,Y
Oxaero,,,OXE,United Kingdom,N
Oxford Air Services,,,WDK,United Kingdom,N
Oxley Aviation,,,OAA,Australia,N
Ozark Air Lines,,OZ,OZR,United States,N
Ozjet Airlines,,O7,OZJ,Australia,Y
P & P Floss Pick Manufacturers,,,KTL,South Africa,N
PAC Air,,,PCR,United States,N
Paccair,,,WIS,United States,N
Pace Airlines,,Y5,PCE,United States,N
Pacific Air Boats,,,PAB,Canada,N
Pacific Air Charter,,,PRC,United States,N
Pacific Air Express,,,PCF,United States,N
Pacific Air Transport,,,PXP,United States,N
Pacific Alaska Airlines,,,PAK,United States,N
Pacific Aviation (Australia),,,PCV,Australia,N
Pacific Aviation (United States),,,PCX,United States,N
Pacific Blue,,DJ,PBN,New Zealand,N
Pacific Coast Airlines,,,PQA,United States,N
Pacific Coastal Airline,,8P,PCO,Canada,Y
Pacific East Asia Cargo Airlines,,Q8,PEC,Philippines,Y
Pacific Express,,VB,,United States,N
Pacific Flier,,,PFL,Palau,Y
Pacific Flight Services,,,PFA,Singapore,N
Pacific International Airlines,,,PIN,United States,N
Pacific Island Aviation,,,PSA,United States,Y
Pacific Jet,,,PCJ,United States,N
Pacific Pearl Airways,,,PPM,Philippines,N
Pacific Rim Airways,,,PAR,Australia,N
Pacific Southwest Airlines,,PS,PSX,United States,N
Pacific Wings,,LW,NMI,United States,Y
Pacificair,,GX,,Philippines,N
Pacificair Airlines,,,PFR,United States,N
Package Express,,,RCY,United States,N
Paisajes Espanoles,,,PAE,Spain,N
Pak West Airlines,,,PKW,United States,N
Pakistan International Airlines,PIA Pakistan International,PK,PIA,Pakistan,Y
Pakker Avio,,,PKR,Estonia,N
Pal Aerolineas,,,LPA,Mexico,N
Pal airlines,,5P,,Chile,Y
Palair Macedonia,,3D,PMK,Macedonia,N
Palair Macedonia (3D),,3D,,Macedonia,N
Palau Asia Pacific Airlines,,,PPC,Palau,N
Palau Trans Pacific Airline,,GP,PTP,Palau,N
Palestinian Airlines,,PF,PNW,Egypt,N
Palmer Aviation,,,JSP,United Kingdom,N
Pamir Airways,,NR,PIR,Afghanistan,N
Pan African Air Services,,,PFN,Sierra Leone,N
Pan African Airways,,,ODM,Kenya,N
PAN Air,,PV,PNR,Spain,Y
Pan Am Weather Systems,,,XPA,United States,N
Pan Am World Airways,,,PWD,Dominican Republic,N
Pan Am World Airways Dominicana,PAWA Dominicana,7Q,,Dominican Republic,Y
Pan American Airways,,PA,PAA,United States,N
Pan American World Airways,,PA,PAA,United States,N
Pan Europeenne Air Service,,,PEA,France,N
Pan Havacilik Ve Ticaret,,,PHT,Turkey,N
Pan Malaysian Air Transport,,,PMA,Malaysia,N
Pan-Air,,,PNC,Mexico,N
Panafrican Airways,,PQ,PNF,Ivory Coast,N
Panagra Airways,,,PGI,United States,N
PanAm World Airways,,WQ,PQW,United States,Y
Panamedia,,,PEI,Spain,N
Panavia,,,PVI,Panama,N
Panh,,,PNH,Russia,N
Pannon Air Service,,,PHU,Hungary,N
Panorama,,,PNM,Spain,N
Panorama Air Tour,,,PAH,United States,N
Panorama Flight Service,,,AFD,United States,N
Pantanal Linhas Aéreas,,P8,PTN,Brazil,N
Papair Terminal,,,HMP,Haiti,N
Papillon Grand Canyon Helicopters,,HI,,United States,Y
Paradise Airways,,,PAI,United States,N
Paradise Island Airways,,,PDI,United States,N
Paragon Air Express,,,PGX,United States,N
Paragon Global Flight Support,,,PGF,United Kingdom,N
Paramount Airlines,,,PRR,Sierra Leone,N
Paramount Airways,,I7,PMW,India,Y
Parcel Express,,,APE,United States,N
Pariz Air,,,IRE,Iran,N
Parmiss Airlines (IPV),,PA,IPV,Iran,Y
Pars Aviation Service,,,PRA,Iran,N
Parsa,,,PST,Panama,N
Parsons Airways Northern,,,FAP,Canada,N
Pascan Aviation,,,PSC,Canada,N
Passaredo Transportes Aereos,,,PTB,Brazil,Y
Patria Cargas Aereas,,,PTC,Argentina,N
Patriot Airways,,P4,,United States,Y
Patriot Aviation Limited,,,BYT,United Kingdom,N
Patterson Aviation Company,,,ETL,United States,N
Pawan Hans,,,PHE,India,N
Payam Air,,,IRP,Iran,N
PB Air,,9Q,PBA,Thailand,Y
PDQ Air Charter,,,PDQ,United States,N
Peach Air,,,KGC,United Kingdom,N
Peach Aviation,,MM,,Japan,Y
Pearl Air,,,PRL,Pakistan,N
Pearl Air Services,,,PBY,Uganda,N
Pearl Airways,,HP,HPA,Haiti,N
Peau Vava%Gʻ%@u,,,PVU,Tonga,N
Pecotox Air,,,PXA,Moldova,N
Pegasus Airlines,,PC,PGT,Turkey,Y
PEGASUS AIRLINES-,,H9,,Turkey,Y
Pegasus Aviation,,,PEV,Greece,N
Pegasus Hava Tasimaciligi,,1I,,Turkey,N
Pegasus Helicopters,,,HAK,Norway,N
Pelangi,,9P,,Malaysia,N
Pelican Air Services,,,PDF,South Africa,N
Pelican Express,,,PEX,United States,N
Pelita,,6D,,Indonesia,Y
Pelita Air Service,,,PAS,Indonesia,N
Pem-Air,,,PEM,Canada,N
Pen-Avia,,,PDY,United Kingdom,N
Peninsula Airways,,KS,PEN,United States,Y
Peninter Aerea,,,PNE,Mexico,N
Penya De L'Aire,,,PCA,Spain,N
Peran,,,CVT,Kazakhstan,N
Perforadora Central,,,PCC,Mexico,N
Perimeter Aviation,,,PAG,Canada,N
Perm Airlines,,P9,PGP,Russia,N
Personas Y Pasquetes Por Air,,,PPQ,Mexico,N
Peruvian Air Force,,,FPR,Peru,N
Peruvian Airlines,,P9,,Peru,Y
Peruvian Navy,,,INP,Peru,N
Petroleos Mexicanos,,,PMX,Mexico,N
Petroleum Helicopters,,,PHM,United States,N
Petroleum Helicopters de Colombia,,,PHC,Colombia,N
Petropavlovsk-Kamchatsk Air Enterprise,,,PTK,Russia,N
Petty Transport,,,PTY,United States,N
Phenix Aviation,,,PHV,France,N
Phetchabun Airline,,,PMY,Thailand,N
PHH Aviation System,,,XAS,United States,N
Philippine Airlines,,PR,PAL,Philippines,Y
Philips Aviation Services,,,PHI,Netherlands,N
Phillips Air,,,BCH,United States,N
Phillips Alaska,,,PDD,United States,N
Phillips Michigan City Flying Service,,,PHL,United States,N
Phoebus Apollo Aviation,,,PHB,South Africa,N
Phoebus Apolloa Zambia,,,KZM,Zambia,N
Phoenix Air Group,,,PHA,United States,N
Phoenix Air Lines,,,PHN,Brazil,N
Phoenix Air Service,,,PAM,Germany,N
Phoenix Air Transport,,,PPG,United States,N
Phoenix Airline Services,,,WDY,United States,N
Phoenix Airways,,HP,,Switzerland,N
Phoenix Avia,,,PHY,Armenia,N
Phoenix Aviation,,,PHG,Kyrgyzstan,N
Phoenix Flight Operations,,,XPX,United States,N
Phuket Air,,9R,VAP,Thailand,N
Piedmont Airlines (1948-1989),,PI,PDT,United States,Y
Pilatus Flugzeugwerke,,,PCH,Switzerland,N
Pilatus PC-12 Center De Mexico,,,PLU,Mexico,N
Pim Air,,,PHJ,Netherlands,N
Pimichikamac Air,,,MKS,Canada,N
Pineapple Air,,,PNP,Bahamas,N
Pinframat,,,PIM,Angola,N
Pinnacle Air Group,,,PCL,United States,N
Pinnacle Airlines,,9E,FLG,United States,Y
Pioneer Airlines,,,PIO,United States,N
Pioneers Limited,,,PER,Pakistan,N
Pirinair Express,,,PRN,Spain,N
Planar,,,PLN,Angola,N
Planemaster Services,,,PMS,United States,N
Planet Airways,,,PLZ,United States,N
Players Air,,,PYZ,United States,N
PLM Dollar Group,,,PDG,United Kingdom,N
Ploizeihubschrauberstaffel Hamburg,,,LIB,Germany,N
PLUNA,,PU,PUA,Uruguay,Y
Plymouth School of Flying,,,PSF,United Kingdom,N
PMTair,,U4,PMT,Cambodia,Y
Pobeda,,,PBD,Russia,Y
Pocono Air Lines,,,POC,United States,N
Podilia-Avia,,,PDA,Ukraine,N
Point Afrique Niger,,,PAZ,Niger,N
Point Airlines,,,RMI,Nigeria,N
Pointair Burkina,,,PAW,Burkina Faso,N
Points of Call Airlines,,,PTS,Canada,N
Polar Air Cargo,,PO,PAC,United States,N
Polar Airlines,,ЯП,,Russia,Y
Polar Airlines de Mexico,,,PMO,Mexico,N
Polestar Aviation,,,PSR,United Kingdom,N
Polet,,,POT,Russia,Y
Polet Airlines (Priv),,YQ,,Russia,Y
Police Aux Frontiers,,,POF,France,N
Police Aviation Services,,,PLC,United Kingdom,N
Polish Air Force,,,PLF,Poland,N
Polish Navy,,,PNY,Poland,N
Polizeifliegerstaffel Nordrhein-Westfalen,,,NRW,Germany,N
Polizeihibschrauberstaffel Neidersachsen,,,PPH,Germany,N
Polizeihuberschrauberstaffel Sachsen-Anhalt,,,PIK,Germany,N
Polizeihubschrafterstaffel Rheinland-Pfalz,,,SRP,Germany,N
Polizeihubschrauberstaffel Baden-Wurtemberg,,,PBW,Germany,N
Polizeihubschrauberstaffel Bayern,,,EDL,Germany,N
Polizeihubschrauberstaffel Brandenburg,,,PBB,Germany,N
Polizeihubschrauberstaffel Hessen,,,PHH,Germany,N
Polizeihubschrauberstaffel Mecklenburg-Vorpommern,,,PMV,Germany,N
Polizeihubschrauberstaffel Sachsen,,,PHS,Germany,N
Polizeihubschrauberstaffel Thuringen,,,HBT,Germany,N
Polo Aviation,,,CUK,United Kingdom,N
Polynesian Air-Ways,,,PLA,United States,N
Polynesian Airlines,,PH,PAO,Samoa,Y
Polynesian Blue,,DJ,PLB,New Zealand,N
Polyot Sirena,,1U,,Russia,N
Pond Air Express,,,PND,United States,N
Pont International Airline Services,,,PSI,Suriname,N
Pool Aviation,,,PLX,United Kingdom,N
Port Townsend Airways,,,PTQ,United States,N
Porteadora De Cosola,,,POR,Mexico,N
Porter Airlines,,PD,POE,Canada,Y
Portugalia,,NI,PGA,Portugal,Y
Portuguese Air Force,,,AFP,Portugal,N
Portuguese Army,,,POA,Portugal,N
Portuguese Navy,,,PON,Portugal,N
Potomac Air,,BK,PDC,United States,Y
Potosina Del Aire,,,PSN,Mexico,N
Pouya Air,,,PYA,Iran,Y
Powell Air,,,PWL,Canada,N
Prairie Flying Service,,,PFS,United States,N
Pratt and Whitney Canada,,,PWC,Canada,N
Precision Air,,PW,PRF,Tanzania,Y
Precision Airlines,,,PRE,United States,N
Premiair,,,BAT,Luxembourg,N
Premiair Aviation Services,,,PGL,United Kingdom,N
Premiair Fliyng Club,,,PME,United Kingdom,N
Premium Air Shuttle,,,EMI,Nigeria,N
Premium Aviation,,,PMU,Germany,N
Presidence Du Faso,,,BFA,Burkina Faso,N
Presidencia de La Republica de Guinea Ecuatorial,,,ONM,Equatorial Guinea,N
President Airlines,null,TO,PSD,Cambodia,N
Presidential Aviation,,,PRD,United States,N
Priester Aviation,,,PWA,United States,N
Primair,,,PMM,Russia,N
Primaris Airlines,,FE,WCP,United States,N
Primas Courier,,,PMC,United States,N
Primavia Limited,,,CRY,United Kingdom,N
Prime Air,,,PRM,United States,N
Prime Aviation,,,PKZ,Kazakhstan,N
Primera Air,,PF,,Iceland,Y
Prince Edward Air,,,CME,Canada,N
Princely Jets,,,PJP,Pakistan,N
Princess Air,,8Q,,,N
Princeton Aviation Corporation,,,PCN,United States,N
Priority Air Charter,,,PRY,United States,N
Priority Air Transport,,,PAT,United States,N
Priority Aviation Company,,,BCK,United States,N
Privatair,,,PTI,Switzerland,Y
Private Jet Expeditions,,,PJE,United States,N
Private Jet Management,,,PJA,United States,N
Private Wings Flugcharter,,8W,PWF,Germany,N
Privilege Style L,,,PVG,Spain,N
Pro Air,,,PRH,United States,N
Pro Air Service,,,PSZ,United States,N
Probiz Guinee,,,GIY,Guinea,N
Professional Express Courier Service,,,PAD,United States,N
Professione VOlare,,,PVL,Italy,N
Proflight Commuter Services,,P0,,Zambia,Y
Promotora Industria Totolapa,,,PTT,Mexico,N
Propair,,,PRO,Canada,N
Propflight Air Services,,,PFZ,Zambia,N
Propheter Aviation,,,PPA,United States,N
Proteus Helicopteres,,,PTH,France,N
Providence Airline,,,PTL,United States,N
Providence Aviation Services,,,AWD,Pakistan,N
Provincial Airlines,,,SPR,Canada,N
Provincial Express,,,PRV,Canada,N
PRT Aviation,,,PRP,Spain,N
PSA Airlines,,,JIA,United States,N
Pskovavia,,,PSW,Russia,N
Psudiklat Perhubungan Udara/PLP,,,UDA,Indonesia,N
Ptarmigan Airways,,,PTA,Canada,N
PTL Luftfahrtunternehemen,,,KST,Germany,N
Publiservicios Aereos,,,PSP,Mexico,N
Publivoo,,,PUV,Portugal,N
Puerto Rico National Guard,,,PNG,United States,N
Puerto Vallarta Taxi Aereo,,,TXV,Mexico,N
Pulkovo Aircraft Services,,,PGH,Russia,N
Puma Linhas Aereas,,,PLY,Brazil,N
Puntavia Air Services,,,PTV,Djibouti,N
Punto Fa,,,MGO,Spain,N
Pyramid Air Lines,,,PYR,Egypt,N
Qanot Sharq,,,QNT,Uzbekistan,N
Qantas,Qantas Airways,QF,QFA,Australia,Y
Qatar Air Cargo,,,QAC,Qatar,N
Qatar Airways,,QR,QTR,Qatar,Y
Qatar Amiri Flight,,,QAF,Qatar,N
QatXpress,qatXpress,C3,QAX,Qatar,Y
Qeshm Air,,,IRQ,Iran,N
Quantex Environmental,,,QTX,Canada,N
Quebec Government Air Service,,,QUE,Canada,N
Queen Air,,,QNA,Dominican Republic,N
Quest Diagnostics,,,LBQ,United States,N
Quick Air Jet Charter,,,QAJ,Germany,N
Quick Airways Holland,,,QAH,Netherlands,N
Quisqueya Airlines,,,QAS,Haiti,N
Qurinea Air Service,,,QAQ,Libya,N
Qwest Commuter Corporation,,,QCC,United States,N
Qwestair,,,QWA,Australia,N
Qwila Air,,,QWL,South Africa,N
RA Jet Aeroservicios,,,RJT,Mexico,N
Rabbit-Air,,,RBB,Switzerland,N
Race Cargo Airlines,,,ACE,Ghana,N
RACSA,,R6,,Guatemala,Y
Rader Aviation,,,GBR,United States,N
Radixx Solutions International,,1D,,United States,N
RAF Barkston Heath,,,BKH,United Kingdom,N
RAF Leuchars,,,LCS,United Kingdom,N
RAF Scampton,,,SMZ,United Kingdom,N
RAF St Athan,,,STN,UNited Kingdom,N
RAF St Mawgan Search and Rescue,,,SMG,United Kingdom,N
RAF Topcliffe Flying Training Unit,,,TOF,United Kingdom,N
RAF Valley Flying Training Unit,,,VYT,United Kingdom,N
RAF Valley SAR Training Unit,,,VLL,United Kingdom,N
RAF-Avia,,,MTL,Latvia,N
Rainbow Air (RAI),Rainbow Air (RAI),RN,RAB,United States,Y
Rainbow Air Canada,Rainbow Air CAN,RY,RAY,Canada,Y
Rainbow Air Euro,Rainbow Air EU,RU,RUE,United Kingdom,Y
Rainbow Air Polynesia,Rainbow Air POL,RX,RPO,United States,Y
Rainbow Air US,Rainbow Air US,RM,RNY,United States,Y
Raji Airlines,,,RAJ,Pakistan,N
RAK Airways,,,RKM,United Arab Emirates,N
Raleigh Flying Service,,,RFA,United States,N
Ram Air Freight,,,REX,United States,N
Ram Aircraft Corporation,,,RMT,United States,N
Ramp 66,,,PPK,United States,N
Rangemile Limited,,,RGM,United Kingdom,N
Raslan Air Service,,,MWR,Egypt,N
Rath Aviaton,,,RAQ,Austria,N
Ratkhan Air,,,CSM,Kazakhstan,N
Raven Air,,,RVR,United Kingdom,N
Ray Aviation,,,REI,Israel,N
Raya Jet,,,RYT,Jordan,N
Raytheon Aircraft Company,,,RTN,United States,N
Raytheon Corporate Jets,,,RCJ,United Kingdom,N
Raytheon Travel Air,,,KSS,United States,N
Real Aero Club De Baleares,,,RCB,Spain,N
Real Aero Club de Reus-Costa Dorado,,,CDT,Spain,N
Real Aeroclub De Ternerife,,,RCD,Spain,N
Real Aviation,,,RLV,Ghana,N
Real Tonga,,RT,,Tonga,Y
Rebus,,,REB,Bulgaria,N
Red Arrows Display Squadron,,,SAK,United Kingdom,N
Red Aviation,,,PSH,United Kingdom,N
Red Baron Aviation,,,RBN,United States,N
Red Devils Parachute Display Team,,,DEV,United Kingdom,N
Red Jet America,,RR,,United States,N
Red Jet Andes,,PT,,Peru,Y
Red Jet Canada,,QY,,Canada,Y
Red Jet Mexico,,4X,,Mexico,Y
Red Sea Aviation,,,RDV,Egypt,N
Red Sky Ventures,,,RSV,Namibia,N
Red Star,,,STR,United Arab Emirates,N
Red Wings,Avialinii 400,WZ,RWZ,Russia,Y
Redding Aero Enterprises,,,BXR,United States,N
Redhill Aviation,,8L,RHC,United Kingdom,N
REDjet,,Z7,,Barbados,Y
Reed Aviation,,,RAV,United Kingdom,N
Reef Air,,,REF,New Zealand,N
Reem Air,,V4,REK,Kyrgyzstan,N
Reeve Aleutian Airways,,,RVV,United States,N
Regal Bahamas International Airways,,,RBH,Bahamas,N
Regency Airlines,,,RGY,United States,N
Regent Air,,,RAH,Canada,N
Regio Air,,,RAG,Germany,N
Region Air,,,RGR,Canada,N
Regional 1,,,TSH,Canada,N
Regional Air,,,RIL,Mauritania,N
Regional Air Express,,,REW,Germany,N
Regional Air Iceland,Regional Air Iceland,9N,N78,Iceland,Y
Regional Air Lines,,,RGL,Morocco,N
Regional Air Services,,,REG,Tanzania,N
Regional Airlines,,FN,,Morocco,Y
Regional Express,,ZL,RXA,Australia,Y
Regional Geodata Air,,,JJM,Spain,N
Regional Paraguaya,,P7,REP,Paraguay,Y
Regionalia Chile,Regionalia Chile,9J,CR1,Chile,Y
Regionalia México,Regionalia México,N4,J88,Mexico,Y
Regionalia Uruguay,Regionalia Uruguay,2X,2K2,Uruguay,Y
Regionalia Venezuela,Regionalia Venezuela,9X,9XX,Venezuela,Y
RegionsAir,,3C,CEA,United States,N
Reliance Aviation,,,REL,United States,N
Reliant Airlines,,,RLT,United States,N
Relief Transport Services,,,RTS,United Kingdom,N
Renan,,,RAN,Moldova,N
Reno Air,,QQ,ROA,United States,N
Reno Sky,,RY,,United States,N
Renown Aviation,,,RGS,United States,N
Republic Airlines,,RW,RPA,United States,Y
Republic Express Airlines,,RH,RPH,Indonesia,Y
Republic of Singapore Air Force,,,SAF,Singapore,N
Republicair,,,RBC,Mexico,N
Resort Air,,,RST,United States,N
REXAIR VIRTUEL,,RR,RXR,France,Y
Rheintalflug,,,RTL,Austria,N
Rhoades Aviation,,,RDS,United States,N
Riau Airlines,,,RIU,Indonesia,N
Rich International Airways,,,RIA,United States,N
Richards Aviation,,,RVC,United States,N
Richardson's Airway,,,RIC,United States,N
Richland Aviation,,,RCA,United States,N
Rick Lucas Helicopters,,,HPR,New Zealand,N
Rico Linhas A,,C7,RLE,Brazil,N
Ridder Avia,,,RID,Kazakhstan,N
Riga Airclub,,,RAK,Latvia,N
Rijnmond Air Services,,,RAZ,Netherland,N
Rikspolisstyrelsen,,,POL,Sweden,N
Rimrock Airlines,,,RIM,United States,N
Rio Air Express,,,SKA,Brazil,N
Rio Airways,,,REO,United States,N
Rio Grande Air,,E2,GRN,United States,N
Rio Sul Servi,,SL,RSL,Brazil,N
River Ministries Air Charter,,,RVM,South Africa,N
River State Government of Nigeria,,,RGP,Nigeria,N
Rivne Universal Avia,,,UNR,Ukraine,N
Roadair Lines,,,RDL,Canada,N
Robin Hood Aviation,,,RHA,Austria,N
Robinton Aero,,,RBT,Dominican Republic,N
Roblex Aviation,,,ROX,United States,N
Rockwell Collins Avionics,,,RKW,United States,N
Rocky Mountain Airlines,,,ROC,Canada,N
Rocky Mountain Airways,,,RMA,United States,N
Rocky Mountain Holdings,,,LIF,United States,N
Rodze Air,,,RDZ,Nigeria,N
Rog-Air,,,FAD,Canada,N
Rollright Aviation,,,RRZ,United Kingdom,N
Rolls-Royce Limited,,,RRL,United Kingdom,N
Rolls-Royce plc,,,BTU,United Kingdom,N
Romanian Air Force,,,ROF,Romania,N
Romavia,,,RMV,Romania,N
Ronso,,,RNS,Mexico,N
Roraima Airways,,,ROR,Guyana,N
Rosneft-Baltika,,,RNB,Russia,N
Ross Aviation,,,NRG,United States,N
Rossair,,,RFS,Australia,N
Rossair Europe,,,ROS,Netherlands,N
Rossiya,,R4,,Russia,Y
Rossiya-Russian Airlines,Pulkovo Aviation Enterprise,FV,SDM,Russia,Y
Roswell Airlines,,,RAL,United States,N
Rotana Jet,,,RJD,United Arab Emirates,Y
Rotatur,,,RTR,Brazil,N
Rotormotion,,,RKT,United Kingdom,N
Rotterdam Jet Center,,,JCR,Netherlands,N
Rover Airways International,,,ROV,United States,N
Rovos Air,,,VOS,South Africa,N
Royal,,QN,,Canada,N
Royal Air Cambodge,,VJ,RAC,Cambodia,Y
Royal Air Cargo,,,RCG,South Africa,N
Royal Air Force,,RR,RFR,United Kingdom,N
Royal Air Force of Oman,,RS,MJN,Oman,N
Royal Air Freight,,,RAX,United States,N
Royal Air Maroc,,AT,RAM,Morocco,Y
Royal Airlines,,R0,RPK,Pakistan,N
Royal Airways,Royal Inc.,KG,RAW,United States,Y
Royal American Airways,,,RLM,United States,N
Royal Aruban Airline,,V5,RYL,Aruba,N
Royal Australian Air Force,,,ASY,Australia,N
Royal Aviation Express,,,RXP,Canada,N
Royal Bahrain Airlines,,,RYB,Bahrain,N
ROYAL BRITAIN,Flying Brits,7V,ROB,United Kingdom,N
Royal Brunei Airlines,,BI,RBA,Brunei,Y
Royal Daisy Airlines,,,KDR,Uganda,N
Royal European Airlines,,69,,United Kingdom,Y
Royal Falcon,,RL,RFJ,Jordan,Y
Royal Flight,,,DME,Russia,Y
Royal Ghanaian Airlines,,,RGA,Ghana,N
Royal Jet,,,ROJ,United Arab Emirates,N
Royal Jordanian,,RJ,RJA,Jordan,Y
Royal Jordanian Air Force,,,RJZ,Jordan,N
Royal Khmer Airlines,,RK,RKH,Cambodia,N
Royal Malaysian Air Force,,,RMF,Malaysia,N
Royal Navy,,,NVY,United Kingdom,N
Royal Nepal Airlines,,RA,RNA,Nepal,Y
Royal Netherland Navy,,,NRN,Netherlands,N
Royal Netherlands Air Force,,,NAF,Netherlands,N
Royal New Zealand Air Force,,,KIW,New Zealand,N
Royal Norwegian Air Force,,,NOW,Norway,N
Royal Oman Police,,,ROP,Oman,N
Royal Phnom Penh Airways,,,PPW,Cambodia,Y
Royal Rwanda Airlines,,,RRA,Rwanda,N
Royal Saudi Air Force,,,RSF,Saudi Arabia,N
Royal Sky,,,RYS,Thailand,N
Royal Southern Airlines.,Royal Southern,R1,RS1,Colombia,N
Royal Swazi National Airways,,,RSN,Swaziland,N
Royal Tongan Airlines,,WR,HRH,Tonga,N
Royal West Airlines,,,RWE,United States,N
RPA-Aviataxi Ltd.,,,ARP,Russia,N
Rubystar,,,RSB,Belarus,N
Rumugu Air & Space Nigeria,,,RMG,Nigeria,N
Rusaero,,,RUR,Russia,N
Rusair JSAC,,,CGI,Russia,N
Rusich-T,,,RUH,Russia,N
RusJet,,,RSJ,Russia,Y
Rusline,,,RLU,Russia,Y
Russia State Transport,Federal State Budget Inst,,RSD,Russia,Y
Russian Aircraft Corporation-MiG,,,MIG,Russia,N
Russian Federation Air Force,,,RFF,Russia,N
Russian Sky Airlines,,P7,ESL,Russia,N
Russkie Krylya,,,KRY,Russia,Y
Rusuertol,,,RUZ,Russia,N
Rutas Aereas,,,RUC,Venezuela,N
Rutland Aviation,,,RND,United Kingdom,N
Rwanda Airlines,,,RUA,Rwanda,N
Rwanda Airways,,,RWA,Rwanda,N
Rwandair Express,,WB,RWD,Rwanda,Y
RWL Luftfahrtgesellschaft,,,RWL,Germany,N
Ryan Air Service,,,RCT,United States,N
Ryan Air Services,,,RYA,United States,Y
Ryan International Airlines,,RD,RYN,United States,Y
Ryanair,,FR,RYR,Ireland,Y
Ryazan State Air Enterprise,,,RYZ,Russia,N
Rynes Aviation,,,RAA,United States,N
Régional,,YS,RAE,France,Y
S C Ion Tiriac,,,TIH,Romania,N
S-Air,,,RLS,Russia,N
S.K. Logistics,,,SFX,United States,N
S.P. Aviation,,,GDG,United States,N
S7 Airlines,Sibir Airlines,S7,SBI,Russia,Y
SA Airlink Regional,,,REJ,South Africa,N
SAAB Nyge Aero,,,TGT,Sweden,N
SAAB-Aircraft,,,SCT,Sweden,N
SAAD (A320) Limited,,,MMS,Cayman Islands,N
Sabah Air,,,SAX,Malaysia,N
Sabang Merauke Raya Air Charter,,,SMC,Indonesia,N
Saber Airlines,,,SIS,Egypt,N
Saber Aviation,,,SBR,United States,N
Sabre,,1S,,United States,N
Sabre Incorporated,,,SBG,United States,N
Sabre Pacific,,,APD,Australia,N
SADELCA - Sociedad Aerea Del Caqueta,,,SDK,Colombia,N
SAESA,,,SSS,Spain,N
SAETA,,EH,SET,Ecuador,N
Safair,,FA,SFR,South Africa,N
Safari Express Cargo,,,SXY,Kenya,N
Safarilink Aviation,,,XLK,Kenya,N
Safat Airlines,,,IRV,Iran,N
Safe Air,,,SFP,Pakistan,N
Safewings Aviation Company,,,SFF,United States,N
Safi Airlines,,4Q,,Afghanistan,Y
Safiran Airlines,,,SFN,Iran,N
Saga Airlines,,,SGX,Turkey,N
Sagolair Transportes Ejecutivos,,,SGP,Spain,N
Saha Airlines Services,,,IRZ,Iran,N
Sahara Airlines,,,SHD,Algeria,Y
Sahel Airlines,,,AWJ,Niger,N
Sahel Aviation Service,,,SAO,Mali,N
Saint Barth Commuter,,,SBU,France,N
Sair Aviation,,,SRA,Canada,N
Sakaviaservice,,,AZG,Georgia,N
Sakhalinskie Aviatrassy (SAT),,,SHU,Russia,N
Salair,,,SIR,United States,N
Salama Airlines Nigeria,,,SLW,Nigeria,N
Salem,,,KKS,Kazakhstan,N
Salmon Air,,S6,,United States,Y
Salpa Aviation,,,SLP,Sudan,N
Salsa d\\'Haiti,,SO,SLC,Haiti,Y
Salzburg arrows,SZA,SZ,,Austria,Y
SAM Colombia,,,SAM,Colombia,N
Sama Airlines,,ZS,SMY,Saudi Arabia,Y
Samal Air,,,SAV,Kazakhstan,N
Samar Air,,,SMQ,Tajikistan,N
Samara Airlines,,E5,BRZ,Russia,N
Samaritan Air Service,,,HLO,Canada,N
Samarkand Airways,,,UZS,Uzbekistan,N
Samgau,,,SGU,Kazakhstan,N
Samson Aviation,,,SHL,United Kingdom,N
Samurai Airlines,Samurai Airlines (DUMMY),07,770,Pakistan,N
San Dima Air,(Cyber Airlines) Not Real,,SDI,United States,Y
San Juan Airlines,,2G,MRR,United States,N
SANSA,,,LRS,Costa Rica,N
Santa Barbara Airlines,,S3,BBR,Venezuela,Y
Sapphire Aviation,,,SPP,United States,N
Sapphire Executive Air,,,SPH,South Africa,N
Saratov Aviation Division,,6W,SOV,Russia,Y
Sarit Airlines,,,SRW,Sudan,N
Sark International Airways,,,JIM,United Kingdom,N
SAS Braathens,,,CNO,Norway,Y
Sasair,,,SSB,Canada,N
SASCA,,,SSU,Venezuela,N
SASCO Airlines,,,SAC,Sudan,N
Saskatchewan Government,,,SLG,Canada,N
Saskatchewan Government Executive Air Service,,,SGS,Canada,N
Sat Airlines,,HZ,SOZ,Kazakhstan,Y
SATA Air Acores,,SP,SAT,Portugal,Y
SATA International,,S4,RZO,Portugal,Y
Satellite Aero,,,SXX,United States,N
SATENA,,9R,NSE,Colombia,Y
Satsair,,,SYK,United States,N
Saudi Arabian Airlines,,SV,SVA,Saudi Arabia,Y
Savanah Airlines,,,SNI,Nigeria,N
Savanair (Angola),,,SVN,Angola,N
Sayakhat Airlines,,,SAH,Kazakhstan,N
Scandinavian Airlines System,SAS Scandinavian Airlines,SK,SAS,Sweden,Y
Scat Air,,DV,VSV,Kazakhstan,Y
Scenic Air,,,ENR,Namibia,N
Scenic Airlines,,,SCE,United States,Y
Scibe Airlift,,,SBZ,Democratic Republic of the Congo,N
Scoala Superioara De Aviatie Civila,,,RFT,Romania,N
Scoot,,TZ,SCO,Singapore,Y
Scorpio,,,SCP,Egypt,N
Scorpio Aviation,,8S,,,N
ScotAirways,,,SAY,United Kingdom,Y
Scottish Airways Flyers,,,SKO,United Kingdom,N
Seaborne Airlines,,BB,SBS,United States,Y
Seacoast Airlines,,,SCC,United States,N
Seagle Air,,,CGL,Slovakia,N
SeaPort Airlines,,K5,SQH,United States,Y
Searca,,,SRC,Colombia,N
Search and Rescue 202,,,SRG,United Kingdom,N
Search and Rescue 22,,,SRD,United Kingdom,N
Seba Airlines,,,GIK,Guinea,N
Seco International,,,SIJ,Japan,N
Second Sverdlovsk Air Enterprise,,,UKU,Russia,N
Secretaria de Marina,,,ANX,Mexico,N
Sector Airlines,,,XTR,Canada,N
Secure Air Charter,,,JCM,United States,N
Security Aviation,,,SVX,United States,N
Sedalia,,,STG,Boonville Stage Line,N
Sedona Air Center,,,SED,United States,N
SEFA,,,SFA,France,N
Sefofane Air Charters,,,SFE,South Africa,N
Selcon Airlines,,,SEO,Nigeria,N
Selkirk Remote Sensing,,,SRS,Canada,N
Sella Aviation,,,STJ,Netherlands,N
Semeyavia,,,SMK,Kazakhstan,N
Semitool Europe,,,STE,United Kingdom,N
Semos,,,SME,Kazakhstan,N
Senair Services,,,SNH,Senegal,N
Senator Aviation Charter,,,SNA,Germany,N
SENEAM,,,XMX,Mexico,N
Senegal Airlines,,DN,SGG,Senegal,Y
SENIC AIRLINES,,YR,,United States,Y
Sentel Corporation,,,SEL,United States,N
Seoul Air International,,,SHI,Republic of Korea,N
Serair Transworld Press,,,SEV,Spain,N
Serbian Airlines,,S1,SA1,Serbia,Y
Servair,,,SWZ,SWISSBIRD,N
Servant Air,,8D,,United States,N
Service Aerien Francais,,,SHP,France,N
Service People Gesselschaft fur Charter und Service,,,SPX,Germany,N
Servicio Aereo Regional Regair,,,RER,Ecuador,N
Servicio Aereo Saltillo,,,SES,Mexico,N
Servicio De Helicopteros,,,SDH,Spain,N
Servicio De Viglancia Aerea Del Ministerio De Seguridad Publica,,,MSP,Costa Rica,N
Servicio Tecnico Aero De Mexico,,,SDX,Mexico,N
Servicios Aerecs Del Sol,,,AOS,AEROSOL,N
Servicios Aereos Agricolas,,,SGI,Chile,N
Servicios Aereos Avandaro,,,VDO,Mexico,N
Servicios Aereos Centrales,,,CEE,Mexico,N
Servicios Aereos Copters,,,KOP,Chile,N
Servicios Aereos Corporativos,,,TRN,Mauritania,N
Servicios Aereos de Chihuahua Aerochisa,,,AHI,Mexico,N
Servicios Aereos de Los Angeles,,,AGE,Mexico,N
Servicios Aereos De Nicaragua (SANSA),,,SNE,Nicaragua,N
Servicios Aereos Del Centro,,,SCV,Mexico,N
Servicios Aereos del Nazas SA de CV,,,NAZ,Mexico,N
Servicios Aereos Del Norte,,,NTB,Mexico,N
Servicios Aereos Del Vaupes,,,SDV,Colombia,N
Servicios Aereos Denim,,,DNI,Mexico,N
Servicios Aereos Ejecutivos De La Laguna,,,LGU,Mexico,N
Servicios Aereos Ejecutivos Saereo,,,SRO,Ecuador,N
Servicios Aereos Elite,,,DKY,Spain,N
Servicios Aereos Especiales De Jalisco,,,SJA,Mexico,N
Servicios Aereos Estrella,,,LLS,Mexico,N
Servicios Aereos Expecializados En Transportes Petroleros,,,KSP,Colombia,N
Servicios Aereos Gadel,,,GDE,Mexico,N
Servicios Aereos Gana,,,GNA,Mexico,N
Servicios Aereos Ilsa,,,ILS,Mexico,N
Servicios Aereos Integrales / Flyant,,,FYA,Spain,N
Servicios Aereos La Marquesa,,,SMD,Mexico,N
Servicios Aereos Latinoamericanos,,,NON,Mexico,N
Servicios Aereos Luce,,,SEB,Mexico,N
Servicios Aereos Milenio,,,MLO,Mexico,N
Servicios Aereos Monarrez,,,NRZ,Mexico,N
Servicios Aereos Moritani,,,MRI,Mexico,N
Servicios Aereos MTT,,,MTG,Mexico,N
Servicios Aereos Nacionales (SAN),,,SAN,Ecuador,N
Servicios Aereos Noticiosos,,,OSS,Mexico,N
Servicios Aereos Palenque,,,SPQ,Mexico,N
Servicios Aereos Poblanos,,,POB,Mexico,N
Servicios Aereos Premier,,,PMR,Mexico,N
Servicios Aereos Profesionales,,,PSV,Dominican Republic,N
Servicios Aereos Regiomontanos,,,RGC,Mexico,N
Servicios Aereos Saar,,,SVS,Mexico,N
Servicios Aereos San Cristobal,,,SCI,Mexico,N
Servicios Aereos Sepecializados Mexicanos,,,SXM,Mexico,N
Servicios Aereos Slainte,,,SLS,Mexico,N
Servicios Aereos Sunset,,,SSE,Mexico,N
Servicios Aereos Tamazula,,,TZU,Mexico,N
Servicios Aereos Textra,,,XTA,Mexico,N
Servicios Aereos Tribasa,,,TBS,Mexico,N
Servicios Aereos Universitarios,,,UNT,Mexico,N
Servicios Aeronauticos Aero Personal,,,SRL,Mexico,N
Servicios Aeronauticos De Oriente,,,SVO,Mexico,N
Servicios Aeronauticos Integrales,,,SIL,Mexico,N
Servicios Aeronauticos Z,,,SZT,Mexico,N
Servicios Corporativos Aereos De La Laguna,,,SPL,Mexico,N
Servicios De Aerotransportacion De Aguascalientes,,,STD,Mexico,N
Servicios De Rampa Y Mostrador,,,RMP,Mexico,N
Servicios De Taxi Aereo,,,SXT,Mexico,N
Servicios De Transporte Aereo,,,SVI,Mexico,N
Servicios de Transportes A,,FS,STU,Argentina,Y
Servicios Ejecutivos Continental,,,SJC,Mexico,N
Servicios Ejecutivos Gosa,,,HJE,Mexico,N
Servicios Especiales Del Pacifico Jalisco,,,SJL,Mexico,N
Servicios Intergrales De Aviacion,,,NTG,Mexico,N
Servicios Privados De Aviacion,,,SPV,Mexico,N
Servico Aereo Regional,,,MSG,Mozambique,N
Servico Leo Lopex,,,LLA,Mexico,N
Servicos De Alquiler,,,SQL,Mexico,N
Servisair,,,SGH,United Kingdom,N
Servizi Aerei,,,SNM,Italy,N
Sete Linhas Aereas,,,SLX,Brazil,N
Seulawah Nad Air,,,NAD,Indonesia,N
Sevastopol-Avia,,,SVL,Ukraine,N
Seven Bar Flying Service,,,SBF,United States,N
Seven Four Eight Air Services,,,SVT,Luxembourg,N
Sevenair,,,SEN,Tunisia,Y
Severstal,,,SSF,Russia,N
Severstal Air Company,,D2,,Russia,Y
SFT-Sudanese Flight,,,STF,Sudan,N
SGA Airlines,,5E,,Thailand,Y
Shabair,,,SHB,Democratic Republic of the Congo,N
Shaheen Air Cargo,,,SEE,Pakistan,N
Shaheen Air International,,NL,SAI,Pakistan,Y
Shaheen Airport Services,,,SHN,Pakistan,N
Shalom Air Services,,,FFH,Nigeria,N
Sham Wing Airlines,,,SAW,Syrian Arab Republic,N
Shandong Airlines,,SC,CDG,China,Y
Shandong Airlines Rainbow Jet,,,RBW,China,N
Shanghai Airlines,,FM,CSH,China,Y
Shanghai Airlines Cargo,,,SHQ,China,N
Shans Air,,,SNF,Russia,N
Shanxi Airlines,,8C,CXI,China,N
Shar Ink,,,UGP,Russia,N
Sharjah Ruler's Flight,,,SHJ,United Arab Emirates,N
Sharp Airlines,,SH,SHA,Australia,Y
Shavano Air,,,SHV,United States,N
Shawbury Flying Training Unit,,,SYS,United Kingdom,N
Shawnee Airline,,,SHW,United States,N
Sheba Aviation,,,SYE,Yemen,N
Shell Aircraft,,,SHE,United Kingdom,N
Sheltam Aviation,,,SHM,South Africa,N
Shenzhen Airlines,,ZH,CSZ,China,Y
Shenzhen Donghai Airlines,,,EPA,China,N
Sheremetyevo-Cargo,,,SHO,Russia,N
Shooter Air Courier,,,SHR,Canada,N
Shoprite Group,,,SHG,United Kingdom,N
Shorouk Air,,,SHK,Egypt,N
Shovkoviy Shlyah,,S8,SWW,Ukraine,N
Shuangyang General Aviation,,,CSY,China,N
Shura Air Transport Services,,,SHS,Ethiopia,N
Shuswap Flight Centre,,,SFC,Canada,N
Shuttle America,,S5,TCF,United States,Y
Si-Chang Flying Service,,,SCR,Thailand,N
Siam GA,,,SGN,Thailand,N
Sibaviatrans,,5M,SIB,Russia,Y
Sichuan Airlines,,3U,CSC,China,Y
Siem Reap Airways,,FT,SRH,Cambodia,Y
Sierra Express,,,SIE,United States,N
Sierra Expressway Airlines,,,SRX,United States,N
Sierra National Airlines,,LJ,SLA,Sierra Leone,N
Sierra Nevada Airlines,,1I,,United States,N
Sierra Pacific Airlines,,,SPA,United States,N
Silesia Air,,,SUA,Czech Republic,N
Silk Way Airlines,,ZP,AZQ,Azerbaijan,N
SilkAir,,MI,SLK,Singapore,Y
Silvair,,,IJS,United States,N
Silver Air,,,SVJ,Djibouti,N
Silver Airways (3M),,3M,,United States,Y
Silverback Cargo Freighters,,,VRB,Rwanda,N
Silverhawk Aviation,,,SLH,United States,N
Silverjet,,,FJE,United Kingdom,N
Simpson Air Ltd,,,NCS,Canada,N
Simrik Airlines,,,RMK,Nepal,Y
Sincom-Avia,,,INK,Ukraine,N
Singapore Airlines,,SQ,SIA,Singapore,Y
Singapore Airlines Cargo,,SQ,SQC,Singapore,Y
Sioux Falls Aviation,,,DKT,United States,N
Sirair,,,SRN,Russia,N
Siren-Travel,,1H,,Russia,N
Sirena,,1Q,,Russia,N
Sirin,,R1,,,N
Sirio,,,SIO,Italy,N
Sirio Executive,,,SIW,Italy,N
Sirius-Aero,,,CIG,Russia,N
Sirvair,,,VRS,Mexico,N
Sistemas Aeronauuticos 2000,,,SUT,Mexico,N
SITA,,XS,SIT,Belgium,N
Skagway Air Service,,N5,SGY,United States,Y
Skif-Air,,,USK,Ukraine,N
Skorpion Air,,,SPN,Bulgaria,N
Sky Aeronautical Services,,,KYR,Mexico,N
Sky Aircraft Service,,,SGM,Netherlands,N
Sky Airline,,H2,SKU,Chile,Y
Sky Airlines,,,SHY,Turkey,N
Sky Angkor Airlines (ZA),,,SWM,Cambodia,Y
Sky Aviation,,,SSY,Sierra Leone,N
Sky Bahamas,,,SBM,Bahamas,N
Sky Bus,,,FLH,United States,N
Sky Cam,,,SCK,France,N
Sky Europe Airlines,,,HSK,Slovakia,Y
Sky Exec Aviation Services,,,SXC,Nigeria,N
Sky Express,,,SXP,Poland,N
Sky Eyes,,I6,SEQ,Thailand,N
Sky Gate International Aviation,,,SGD,Kyrgyzstan,N
Sky Harbor Air Service,,,SHC,United States,N
Sky Helicopteros,,,HSY,Spain,N
Sky Jet,,,SWY,Switzerland,N
Sky King,,,SGB,United States,N
Sky Limo Corporation,,,LMO,United States,N
Sky Line for Air Services,,,SLY,Sudan,N
Sky One Express Airlines,,,SYF,United States,N
Sky Regional,Air Canada Express,RS,SKV,Canada,Y
Sky Regional Airlines,,,SKV,Canada,Y
Sky Service,,,SKS,Belgium,N
Sky Tours,,,SKE,United States,N
Sky Trek International Airlines,,1I,,,N
Sky Way Air,,,SAB,Kyrgyzstan,N
Sky Wing Pacific,,C7,CR7,South Korea,Y
Sky Wings Airlines,,,GSW,Greece,N
Sky Work Airlines,SkyWork,SX,SRK,Switzerland,N
SkyBahamas Airlines,,Q7,,Bahamas,Y
Skybridge Airops,,,KYB,Italy,N
Skybus Airlines,,SX,SKB,United States,N
Skycharter (Malton),,,SKL,Canada,N
Skycraft,,,SKF,United States,N
Skycraft Air Transport,,,SKG,Canada,N
Skydrift,,,SDL,United Kingdom,N
SkyEurope,,NE,ESK,Slovakia,Y
Skyfreight,,,SFT,United States,N
Skygate,,,SGT,Netherlands,N
Skyhaul,,,HAU,Japan,N
Skyjet,,,SEK,Kazakhstan,N
Skyjet Airlines,,UQ,SJU,Uganda,Y
Skyking,,,SKI,United Kingdom,N
SkyKing Turks and Caicos Airways,,RU,SKI,Turks and Caicos Islands,N
Skyline,,,SMT,Nigeria,N
Skyline Aviation Services,,,SKN,United States,N
Skyline nepc,,D5,,India,N
Skyline Ulasim Ticaret A.S.,Skyline Ulasim Ticaret A.S.,,KCU,Turkey,Y
Skylink Aviation,,,SKK,Canada,N
Skymark Airlines,,BC,SKY,Japan,Y
Skymaster Air Lines,,,SKC,United States,N
Skymaster Air Taxi,,,SDD,United States,N
Skynet Airlines,,SI,SIH,Ireland,Y
Skynet Asia Airways,,6J,SNJ,Japan,Y
Skyplan Services,,,XXS,Canada,N
Skypower Express Airways,,,EAN,Nigeria,N
Skyraidybos Mokymo Centras,,,HRI,Lithuania,N
Skyrover CC,,,WLK,South Africa,N
Skyscapes Air Charters,,,SKR,South Africa,N
Skyservice Airlines,,5G,SSV,Canada,Y
Skystar Airways,,,SKT,Thailand,N
Skystar International,,,SSK,United States,N
Skytaxi,,,IGA,Poland,N
Skywalk Airlines,,AL,SYX,United States,Y
Skyward Aviation,,,SGK,Canada,N
Skyway Enterprises,,,SKZ,United States,N
Skyways,,,SYA,Argentina,N
Skyways Express,,JZ,SKX,Sweden,Y
SkyWest,,OO,SKW,United States,Y
Skywest Airlines,,,OZW,Australia,Y
Skywest Australia,,XR,,Australia,Y
SkyWork Airlines,,SX,,Switzerland,Y
Skyworld Airlines,,,SPC,United States,N
Slate Falls Airways,,,SYJ,Canada,N
Slim Aviation Services,,,SHX,Nigeria,N
Sloane Aviation,,,SLN,United Kingdom,N
Slok Air,,,SLB,Nigeria,N
Slok Air Gambia,,S0,OKS,Gambia,N
Slovak Air Force,,,SQF,Slovakia,N
Slovak Airlines,,6Q,SLL,Slovakia,N
Slovak Government Flying Service,,,SSG,Slovakia,N
Slovak National Aeroclub,,,SQA,Slovakia,N
Slovenian Armed Forces,,,SIV,Slovenia,N
SMA Airlines,,,SMA,Nigeria,N
Smalandsflyg,,,SMF,Sweden,N
Small Planet Airlines,,,ELC,Lithuania,Y
Smarkand Aero Servise,,,USN,Uzbekistan,N
SmartLynx Airlines,,6Y,,Latvia,Y
Smith Air (1976),,,SML,Canada,N
Smithair,,,SMH,United States,N
Smithkline Beacham Clinical Labs,,,SBQ,United States,N
SNAS Aviation,,,RSE,Saudi Arabia,N
SNCF,,2C,,France,N
Snowbird Airlines,,S8,SBD,Finland,Y
Snunit Aviation,,,SNU,Israel,N
Sobel Airlines of Ghana,,,SBL,Ghana,N
SOCHI AIR,SOCHI,CQ,KOL,Russia,Y
SOCHI AIR CHATER,Sochi Air,Q3,QER,Russia,Y
SOCHI AIR EXPRESS,ADLER EXPRESS,Q4,SAE,Russia,Y
Societe Centrafricaine De Transport Aerien,,,SNS,Central African Republic,N
Societe De Transport Aerien De Mauritanie,,,NSC,Mauritania,N
Societe Tout Tranport Mauritanien,,,TTM,Mauritania,N
Socofer,,,SCF,Angola,N
Soko Aviation,,,OKT,Spain,N
Sokol,,,PIV,Russia,N
Sol Lineas Aereas,,,OLS,Argentina,Y
Solar Air,,,SRB,Thailand,Y
Solar Cargo,,,OLC,Venezuela,N
Solent Flight,,,SFU,United Kingdom,N
Solid Air,,,SOX,Netherland,N
Solinair,,,SOP,Slovenia,N
Soloflight,,,OLO,United Kingdom,N
Solomon Airlines,,IE,SOL,Solomon Islands,Y
Somali Airlines,,,SOM,Somali Republic,N
Somon Air,,,SMR,Tajikistan,N
Sonair Servico Aereo,,,SOR,Angola,N
Sonalysts,,,SYI,United States,N
Sonnig SA,,,ONG,Switzerland,N
Sontair,,,STI,Canada,N
Soonair Lines,,,SNL,United States,N
SOS Flygambulans,,,SAG,Sweden,N
SOS Helikoptern Gotland,,,MCG,Sweden,N
Sosoliso Airlines,,SO,OSL,Nigeria,N
South African Air Force,,,LMG,South Africa,N
South African Airways,SAA South African Airways,SA,SAA,South Africa,Y
South African Express,,,EXY,South Africa,N
South African Historic Flight,,,SYY,South Africa,N
South African Non Scheduled Airways,,,SCS,South Africa,N
South Airlines,,,OTL,Ukraine,N
South American Airlines,,,SCN,Peru,N
South Asian Airlines,,,BDS,Bangladesh,N
South Carolina Aeronautics Commission,,,PLT,United States,N
South Central Air,,,SCA,United States,N
South Coast Aviation,,,GAD,United Kingdom,N
South East Asian Airlines,,DG,SRQ,Philippines,Y
South Pacific Island Airways,,,SPI,United States,Y
South West Africa Territory Force,SWATF,??,***,Namibia,N
South West Air,,,SWC,Canada,N
South West Air Corporation,,,STW,Philippines,N
South-Airlines,,,STH,Armenia,N
Southeast Air,,,SEA,United States,Y
Southeast Airlines (Sun Jet International),,,SNK,United States,N
Southeast Airmotive,,,SPU,United States,N
Southeast Correct Craft,,,SOT,United States,N
Southeast Express Airlines,,,SXE,United States,N
Southeastern Airways,,,PTM,United States,N
Southern Air,,,SOO,United States,N
Southern Air Charter,,,SOA,Bahamas,Y
Southern Airways,,,SOU,United States,Y
Southern Airways Express,Sun Air Express,,LTD,United States,Y
Southern Aviation,,,STV,Ghana,N
Southern Cargo Air Lines,,,SOC,Russia,N
Southern Cross Aviation,,,SXA,United States,N
Southern Cross Distribution,,1K,,Australia,N
Southern Frontier Air Transport,,,SFS,Canada,N
Southern Jersey Airways,,,ALC,ACOM,N
Southern Ohio Aviation Sales,,,SOH,United States,N
Southern Right Air Charter,,,SGC,South Africa,N
Southern Seaplane,,,SSC,United States,N
Southern Winds Airlines,,A4,SWD,Argentina,Y
Southflight Aviation,,,SFL,New Zealand,N
Southjet,,76,SJS,United States,Y
Southjet cargo,,78,XAN,United States,Y
Southjet connect,,77,ZCS,United States,Y
Southport Air Service,,,XPG,United States,N
Southwest Airlines,,WN,SWA,United States,Y
Sowind Air,,,SOW,Canada,N
Space World Airline,,,SPF,Nigeria,N
Spanair,,JK,JKK,Spain,Y
Spanish Air Force,,,AME,Spain,N
Spantax S.A.,,,BXS,Spain,N
Spark Air,,,THB,Thailand,N
Spark+ Joint-Stock Company,,,BVV,Russia,N
SPASA,,,SPS,Spain,N
Specavia Air Company,,,BHV,Russia,N
Special Aviation Systems,,,SYV,United States,N
Special Scope Limited,,,SSO,United Kingdom,N
Specsavers Aviation,,,SSZ,United Kingdom,N
Spectrem Air,,,CDS,South Africa,N
Spectrum Air Service,,,XSA,United States,N
Spectrum Aviation Incorporated,,,LSP,United Kingdom,N
Speed Aviation,,,SPT,Bangladesh,N
Speedwings,,,SPW,Switzerland,N
Spicejet,,SG,SEJ,India,Y
Spike Airlines,Aero Spike,S0,SAL,United States,Y
Spirit Airlines,,NK,NKS,United States,Y
Spirit Aviation,,,SJJ,United States,N
Spirit of Africa Airlines,,,SDN,Sudan,N
Spirit of Manila Airlines,,SM,MNP,Philippines,Y
Sport Air Travel,,,WCC,United States,N
Sprague Electric Company,,,SPE,United States,N
Spring Airlines,,9S,CQH,China,Y
Spring Airlines Japan,,IJ,SJO,Japan,Y
Springbank Aviation,,,SAQ,Canada,N
Springbok Classic Air,,,SPB,South Africa,N
Springdale Air Service,,,SPG,United States,N
Sprintair,,,SRN,Poland,Y
Spurling Aviation,,,ASL,United States,N
Spurwing Airlines,,,PUR,South Africa,N
SriLankan Airlines,,UL,ALK,Sri Lanka,Y
Sriwijaya Air,,SJ,SJY,Indonesia,Y
St. Andrews Airways,,,SDA,Canada,N
St. Vincent Grenadines Air (1990),,,SVD,Saint Vincent and the Grenadines,N
STA-MALI,,,SBA,Mali,N
Stabo Air,,,SBO,Zambia,N
Stabo Freight,,,SOB,Zambia,N
STAC Swiss Government Flights,,,SGF,Switzerland,N
Stadium City Limited,,,STC,United Kingdom,N
Stapleford Flight Centre,,,STL,United Kingdom,N
Star African Air,,,STU,Somali Republic,N
Star Air,,,URJ,Pakistan,N
Star Aviation,,,STA,United Kingdom,N
Star Equatorial Airlines,,2S,,Guinea,N
Star Flyer,,7G,SFJ,Japan,Y
Star Peru (2I),,2I,,Peru,Y
Star Service International,,,SSD,France,N
Star Up,,,SRU,Peru,N
Star West Aviation,,,SUU,United States,N
Star Work Sky,,,SWP,Italy,N
Star XL German Airlines,,,GXL,Germany,N
Star1 Airlines,,V9,HCW,Lithuania,Y
Starair,,,BLY,Ireland,N
Starbow Airlines,,S9,,Ghana,Y
Starfly,,,SLF,Italy,N
Starline.kz,,DZ,,Kazakhstan,Y
Starling Airlines Spain,,SX,STS,Spain,N
Starlite Aviation,,,TRL,South Africa,N
Stars Away Aviation,,,STX,South Africa,N
Starship,,,HIP,Mexico,N
Starspeed,,,SSP,United Kingdom,N
State Air Company Berkut,,,BEC,Kazakhstan,N
State Flight Academy of Ukraine,,,UFA,Ukraine,N
State of Nebraska,,,NEB,United States,N
State Unitary Air Enterprise,,,SUM,Russia,N
Stateswest Airlines,,,SWJ,United States,N
Status-Alpha Airline,,,STB,Ukraine,N
Steinman Aviation,,,SBB,United States,N
Stella Aviation,,,SLV,Mauritania,N
Stephenville Aviation Services,,,XSN,Canada,N
Sterling Airlines,,NB,SNB,Denmark,Y
Sterling Helicopters,,,SVH,United Kingdom,N
Stewart Aviation Services,,,YBE,United States,N
Stichting Vliegschool 16Hoven,,,VGS,Netherlands,N
STP Airways,,8F,STP,Sao Tome and Principe,Y
Strategic Airlines,,VC,,Australia,Y
Strato Air Services,,,SRZ,South Africa,N
Streamline,,,SLE,South Africa,N
Streamline Aviation,,,SSW,United Kingdom,N
Streamline Ops,,,STO,Russia,N
Stuttgarter Flugdienst,,,FFD,Germany,N
Styrian Airways,,,STY,Austria,N
Suburban Air Freight,,,SUB,United States,N
Suckling Airways,,CB,,United Kingdom,N
Sud Airlines,,,SDU,France,N
Sudan Airways,,SD,SUD,Sudan,Y
Sudan Pezetel for Aviation,,,SDZ,Sudan,N
Sudanese States Aviation,,,SNV,Sudan,N
Sukhoi Design Bureau Company,,,SDB,Russia,N
Summit Airlines,,,SMM,United States,N
Sun Air,,,SUR,Egypt,N
Sun Air (Fiji),,PI,SUF,Fiji,N
Sun Air Aviation Services,,,SNX,Canada,N
Sun Air of Scandinavia,,EZ,SUS,Denmark,N
Sun Country Airlines,,SY,SCX,United States,Y
Sun D'Or,,7L,ERO,Israel,Y
Sun Freight Logistics,,,SFG,Thailand,N
Sun Light,,,SUH,Kyrgyzstan,N
Sun Pacific International,,,SNP,United States,N
Sun Quest Executive Air Charter,,,SNQ,United States,N
Sun West Airlines,,,SNW,United States,N
Sunair 2001,,,SJE,South Africa,N
Sunbird Airlines,,,CDL,United States,N
Suncoast Aviation,,,SNT,United States,N
Sundance Air,,,SUV,Venezuela,N
Sundorph Aeronautical Corporation,,,SDF,United States,N
Sundt Air,,,MDT,Norway,N
SunExpress,,XQ,SXS,Turkey,Y
Sunline Express,,,JAM,Kenya,N
Sunrise Airlines,,,SDC,United States,N
Sunrise Airways,,,KSZ,Haiti,Y
Sunset Aviation,,,VXN,United States,N
Sunshine Air Tours,,,SON,United States,N
Sunshine Express Airlines,,CQ,EXL,Australia,N
Sunstate Airlines,,,SSQ,Australia,N
Sunu Air,,,SUG,Senegal,N
Sunwest Airlines,,,SST,Canada,N
Sunwest Aviation (Lindquist Investment),,,SWS,United States,N
Sunwest Home Aviation,,,CNK,Canada,N
Sunwing,,WG,,Canada,Y
Sunwing Airlines,,WG,SWG,Canada,N
Sunworld Airlines,,,SWI,United States,N
Super Luza,,,SLZ,Angola,N
Superior Aviation,,SO,HKA,United States,N
Superior Aviation Services,,,SUK,Kenya,N
SUR Lineas Aereas,,,SZZ,Argentina,Y
Surinam Airways,,PY,SLM,Suriname,Y
Surninam International Victory Airline,,,SWO,Suriname,N
Survey Udara (Penas),,,PNS,Indonesia,N
Sutra,,1K,,United States,N
Svenska Direktflyg,,,HSV,Sweden,N
SVG Air,,,SVG,Saint Vincent and the Grenadines,Y
Svyaz Rossiya,Russian Commuter,7R,SJM,Russia,Y
Swazi Express Airways,,,SWX,Swaziland,N
Swaziland Airlink,,,SZL,Swaziland,N
Swe Fly,,WV,SWV,Sweden,Y
Swedeways,,,SWE,Sweden,N
Swedish Airlines,,,CFL,Sweden,N
Swedish Armed Forces,,,SVF,Sweden,N
Swedish Civil Aviation Administration,,,CBN,Sweden,N
SwedJet Airways,,VD,BBB,Sweden,N
Swedline Express,,SM,SRL,Sweden,N
Swift Air (Interstate Equipment Leasing),,,SWQ,United States,N
Swift Copters,,,WFC,Switzerland,N
Swiftair,,,SWT,Spain,N
Swiss Air Force,,,SUI,Switzerland,N
Swiss Air-Ambulance,,,SAZ,Switzerland,N
Swiss Eagle,,,EAB,Switzerland,N
Swiss European Air Lines,Swiss European,,SWU,Switzerland,Y
Swiss International Air Lines,Swiss Airlines,LX,SWR,Switzerland,Y
Swiss Jet,,,SJT,Switzerland,N
Swissair,,SR,SWR,Switzerland,Y
Swissboogie Parapro,,,SWB,Switzerland,N
Switfair Cargo,,,SCL,Canada,N
Syncrude Canada,,,SYN,Canada,N
Synergy Aviation,,,SYG,United Kingdom,N
Syrian Arab Airlines,,RB,SYR,Syrian Arab Republic,Y
Syrian Pearl Airlines,,,PSB,Syria,Y
Systec 2000,,,SYC,United States,N
T.A.T,,IJ,,France,N
T.J. Air,,TJ,TJA,United States,Y
TA-Air Airline,,,IRF,Iran,N
TAAG Angola Airlines,,DT,DTA,Angola,Y
TAB Express International,,,TBI,United States,N
Taban Air Lines,,,TBM,Iran,N
TACA De Honduras,,,THO,Honduras,N
TACA Peru,,T0,,Peru,Y
TACV,,VR,TCV,Portugal,Y
Tadair,,,TDC,Spain,N
TAES Transportes Aereos de El Salvador,,,TES,El Salvador,N
TAF Helicopters,,,HET,Spain,N
TAF-Linhas Aereas,,,TSD,Brazil,N
Taftan Airlines,,,SBT,Iran,N
TAG Aviation,,,FPG,Switzerland,N
TAG Aviation Espana,,,TGM,Spain,N
Tag Aviation UK,,,VIP,United Kingdom,N
TAG Aviation USA,,,TAG,United States,N
TAG Farnborough Airport,,,FBO,United Kingdom,N
Taino Tours,,,TIN,Dominican Republic,N
Tair Airways,,,TFB,Philippines,N
Tajik Air,,7J,,Tajikistan,Y
Tajikair,,,TJK,Tajikistan,N
Tajikistan International Airlines,,,TIL,Tajikistan,Y
Tajikstan,,,TZK,Tajikistan,N
Take Air Line,,,TKE,France,N
Tal Air Charters,,,JEL,Canada,N
Talair,,,TAL,Papua New Guinea,N
Talon Air,,,TFF,United States,N
TAM,,,TML,Madagascar,N
TAM Brazilian Airlines,,JJ,TAM,Brazil,Y
TAM Mercosur,,PZ,LAP,Paraguay,Y
TAME,,EQ,TAE,Ecuador,Y
Tamir Airways,,,TMI,Israel,N
TAMPA,,QT,TPA,Colombia,Y
TAN,,T8,,Argentina,N
TAN-SAHSA,,SH,,Honduras,N
Tanana Air Services,,,TNR,United States,N
Tandem Aero,,TQ,TDM,Moldova,N
Tango Bravo,,,HTO,France,N
TAP Portugal,TAP Air Portugal,TP,TAP,Portugal,Y
TAPC Aviatrans Aircompany,,,UTM,Uzbekistan,N
TAPSA Transportes Aereos Petroleros,,,TPS,Argentina,N
Taquan Air Services,,,TQN,United States,N
Tar Heel Aviation,,,THC,United States,N
TAR Interpilot,,,TPL,Mauritania,N
Tara Air Line,,,IRR,Iran,N
Tarhan Tower Airlines,,,TTH,Turkey,N
Tarom,,RO,ROT,Romania,Y
Tas Aviation,,,RMS,United States,N
Tashkent Aircraft Production Corporation,,,CTP,Uzbekistan,N
Tassili Airlines,,SF,DTH,Algeria,N
Tatarstan Airlines,,U9,TAK,Russia,Y
Taunus Air Gmbh,,,TAQ,Germany,N
Tauranga Aer Club,,,PGS,New Zealand,N
Tavrey Airlines,,T6,TVR,Ukraine,N
Taxi Aereo Cozatl,,,TXL,Mexico,N
Taxi Aereo de Mexico,,,TXM,Mexico,N
Taxi Aereo Turistico,,,TUO,Mexico,N
Taxi Aero Del Norte,,,XNR,Mexico,N
Taxi Aero Nacional Del Evora,,,TDV,Mexico,N
Taxi Air Fret,,,TRF,France,N
Taxi de Veracruz,,,VRC,Mexico,N
Taxirey,,,TXR,Mexico,N
Taxis Aereos De Parral,,,TPR,Mexico,N
Taxis Aereos de Sinaloa,,,TXO,Mexico,N
Taxis Aereos del Noroeste,,,TNE,Mexico,N
Taxis Aereos del Pacifico,,,TPF,Mexico,N
Taxis Turisticos Marakame,,,TMH,Mexico,N
Tayflite,,,TYF,United Kingdom,N
Tayside Aviation,,,TFY,United Kingdom,N
Tbilaviamsheni,,,VNZ,Georgia,N
Tbilisi Aviation University,,,RRY,Georgia,N
Tchad Airlines,,,TCD,Chad,N
TDA Toa Domestic Airlines,TDA,,TDA,Japan,N
TEA Switzerland,,,4SW,Switzerland,N
TEAM Transportes Aereos,,,TIM,Brazil,N
Teamline Air,,L9,TLW,Austria,N
Tech-Mont Helicopter Company,,,TEM,Slovakia,N
Tecnicas Fotograficas,,,TEF,Spain,N
Teebah Airlines,,,TBN,Sierra Leone,N
Tehran Airline,,,THR,Iran,N
Teledyne Continental Motors,,,TCM,United States,N
Telesis Transair,,,TLX,United States,N
Telford Aviation,,,TEL,United States,N
Tellavia / Flight One,,,TDE,United States,N
Telnic Limited,,,DOT,United Kingdom,N
Tempelhof Airways,,,TEH,United States,N
Temsco Helicopters,,,TMS,United States,N
Tengeriyn Ulaach Shine,,,TNL,Mongolia,N
Tenir Airlines,,,TEB,Kyrgyzstan,N
Tennessee Air National Guard 164th Airlift Group,,,TNG,United States,N
Tennessee Airways,,,TEN,United States,N
Tepavia-Trans Airlines,,,TET,Moldova,N
Territorial Airlines,,,TER,United States,N
Tesis,,,TIS,Russia,N
Tex Star Air Freight,,,TXZ,United States,N
Texair Charter,,,TXA,United States,N
Texas Air Charters,,,TXT,United States,N
Texas Airlines,,,TXS,United States,N
Texas Airways,,,CWT,United States,N
Texas National Airlines,,,TXN,United States,N
Texas Spirit,,XS,TXP,United States,N
Texas Wings,,TQ,TXW,United States,Y
Tez Jet Airlines,,,TEZ,Kyrgyzstan,Y
TG Aviation,,,TGC,United Kingdom,N
Thai Air Cargo,,T2,TCG,Thailand,Y
Thai AirAsia,Thai Air Asia,FD,AIQ,Thailand,Y
Thai Airways International,,TG,THA,Thailand,Y
Thai Aviation Services,,,TSL,Thailand,N
Thai Flying Helicopter Service,,,TFH,Thailand,N
Thai Flying Service,,,TFT,Thailand,N
Thai Global Airline,,,THG,Thailand,N
Thai Jet Intergroup,,,THJ,Thailand,N
Thai Lion Air,,SL,,Thailand,Y
Thai Pacific Airlines Business,,,TPV,Thailand,N
Thai Sky Airlines,,9I,TKY,Thailand,N
Thai Smile Airways,THAI Smile,WE,,Thailand,Y
Thai Star Airlines,,T9,TSX,Thailand,N
Thai Vietjet Air,,,TVJ,Thailand,Y
Thalys,,2H,,Belgium,N
The 955 Preservation Group,,,GFN,United Kingdom,N
The Amiri Flight,,,BAH,Bahrain,N
The Army Aviation Heritage Foundation,,,LEG,United States,N
The Lancair Company,,,LCC,United States,N
Thomas Cook Airlines,,FQ,TCW,Belgium,Y
Thomsonfly,,BY,TOM,United Kingdom,Y
THREE,,H3,T33,China,N
Thryluthjonustan,,,IHS,Iceland,N
Thunder Airlines,,,THU,Canada,N
Thunderbird Tours,,,TBD,Canada,N
Thyssen Krupp AG,,,BLI,Germany,N
Tianjin Airlines,,,GCR,China,Y
Tiara Air,,3P,TNM,Aruba,Y
Tic Air,,,TIK,Australia,N
Tien-Shan,,,TJN,Kazakhstan,N
Tiger Airways,,TR,TGW,Singapore,Y
Tiger Airways Australia,,TT,TGW,Australia,Y
Tigerfly,,,MOH,United Kingdom,N
Tikal Jets Airlines,,,TKC,Guatemala,N
Timberline Air,,,TMR,Canada,N
Time Air,,,TIE,Czech Republic,N
Tiphook PLC,,,BOX,United Kingdom,N
Tiramavia,,,TVI,Moldova,N
Titan Airways,,ZT,AWC,United Kingdom,N
TLC Air,,,TLS,United States,N
TMC Airlines,,,TMM,United States,N
TNT Airways,,3V,TAY,Belgium,N
TNT International Aviation,,,NTR,United Kingdom,N
Tobago Express,,,TBX,Trinidad and Tobago,N
Tobruk Air,,7T,TOB,Libya,N
TOJ Airlines,,,TOJ,Tajikistan,N
Tol-Air Services,,TI,TOL,United States,N
Tom\\'s & co airliners,Tom\\'s air,&T,T&O,France,Y
Tomahawk Airways,,,TMK,United States,N
Tomp Airlines,Tomp Airlines,ZT,T9P,Chile,Y
Tomsk-Avia,,,TKS,Russia,Y
Top Air,,,TOP,Turkey,N
Top Flight Air Service,,,CHE,United States,N
Top Sky International,,,LKW,Indonesia,N
Top Speed,,,TPD,Austria,N
Top-Fly,,,TLY,Spain,N
Toronto Airways,,,TOR,Canada,N
Total Linhas Aereas,,,TTL,Brazil,N
Totavia,,,TOT,Canada,N
Toumai Air Tchad,,,THE,Chad,N
Touraine Helicoptere,,,THF,France,N
Tower Air,,FF,TOW,United States,N
Toyota Canada,,,TOY,Canada,N
Trabajos Aereos,,,TGE,Spain,N
Trabajos Aereos Murcianos,,,AIM,Spain,N
Trabajos Aereos Vascongados,,,TVH,Spain,N
Trade Air,,,TDR,Croatia,N
Tradewind Aviation,,,GPD,United States,N
Tradewinds Airlines,,,TDX,United States,N
Tradewinds Aviation,,,TWL,Canada,N
Trading Air Cargo,,,JCH,Mauritania,N
TRADO,,,TDO,Dominican Republic,N
TRAGSA (Medios Aereos),,,TRG,Spain,N
Trail Lake Flying Service,,,HBA,United States,N
TRAM,,,TMQ,Mauritania,N
Tramm Airlines,Tramm Airlines,9F,TLM,Netherlands Antilles,N
Tramon Air,,,TMX,South Africa,N
Tramson Limited,,,TRR,Sudan,N
Tranporte Aereo Dominicano,,,TAD,Dominican Republic,N
Tranporte Amazonair,,,TMZ,Venezuela,N
Trans Air,,,MUI,United States,N
Trans Air Charter,,,TRC,United States,N
Trans Air Welwitchia,,,TWW,Angola,N
Trans Air-Benin,,,TNB,Benin,N
Trans Am Compania,,,RTM,Ecuador,N
Trans America,,,CLR,United States,N
Trans America Airlines,,,TVA,United States,N
Trans American Airlines (Trans Am),,,TPU,Peru,N
Trans Arabian Air Transport,,,TRT,Sudan,N
Trans Asian Airlines,,,SRT,Kazakhstan,N
Trans Atlantic Airlines,,,TLL,Sierra Leone,N
Trans Atlantis,,,LTA,Canada,N
Trans Continental Airlines,,,TCC,Sudan,N
Trans Euro Air,,,TRJ,United Kingdom,N
Trans Guyana Airways,,,TGY,Guyana,N
Trans Helicoptere Service,,,THZ,France,N
Trans International Airlines,,,TIA,United States,N
Trans International Express Aviation,,,BAP,United States,N
Trans Island Air,,,TRD,Barbados,N
Trans Jet Airways,,,SWL,Sweden,N
Trans Maldivian Airways,,M8,TMW,Maldives,N
Trans Mediterranean Airlines,,TL,TMA,Lebanon,Y
Trans Midwest Airlines,,,TMT,United States,N
Trans Nation Airways,,,TNW,Ethiopia,N
Trans North Turbo Air,,,TNT,Canada,N
Trans Pas Air,,T6,TP6,United States,Y
Trans Reco,,,REC,Mauritania,N
Trans Sahara Air,,,SBJ,Nigeria,N
Trans Sayegh Airport Services,,,TSM,Lebanon,N
Trans Service Airlift,,,TSR,Democratic Republic of Congo,N
Trans States Airlines,,AX,LOF,United States,Y
Trans World Airlines,TWA,TW,TWA,United States,N
Trans World Express,,,RBD,United States,N
Trans-Air Services,,,TSN,Nigeria,N
Trans-Air-Congo,,,TSG,Republic of the Congo,N
Trans-Air-Link,,,GJB,United States,N
Trans-Colorado Airlines,,,TCE,United States,N
Trans-Florida Airlines,,,TFA,United States,N
Trans-Kiev,,,KCA,Ukraine,N
Trans-Pacific Orient Airways,,,PCW,Philippines,N
Trans-Provincial Airlines,,,TPY,Canada,N
Trans-Ulgii,,,UTN,Mongolia,N
Transaero Airlines,,UN,TSO,Russia,Y
Transafricaine,,,TNF,Burkina Faso,N
Transafrik International,,,TFK,Sao Tome and Principe,N
Transair,,,TTZ,Canada,Y
Transair France,,,TSA,France,N
Transair Gabon],,,TGX,Gabon,N
Transair International Linhas Aereas,,,TNI,United States,N
Transair-Gyraintiee,,,KTS,Russia,N
Transairways,,,TWM,Mozambique,N
Transarabian Transportation Services,,,UTT,Uganda,N
TransAsia Airways,,GE,TNA,Taiwan,Y
Transaustralian Air Express,,,AUC,Australia,N
Transaven,,,VEN,Venezuela,N
Transavia Denmark,,,TDK,Denmark,Y
Transavia France,,TO,TVF,France,Y
Transavia Holland,,HV,TRA,Netherlands,Y
Transaviabaltika,,,KTB,Lithuania,N
Transaviaexport,,AL,TXC,Belarus,N
Transaviaservice,,,FNV,Georgia,N
Transavio,,,TVO,Italy,N
Transbrasil,,,TBA,Brazil,N
TransBrasil Airlines,,TH,THS,Brazil,Y
Transcarga Intl Airways,,,TIW,Venezuela,N
Transcontinental Air,,,TCH,Bahrain,N
Transcontinental Airlines,,,KRA,Kazakhstan,N
Transcontinental Sur,,,TCT,Uruguay,N
Transcorp Airways,,,TCP,United Kingdom,N
Transeuropean Airlines,,UE,TEP,Russia,N
Transglobal Airways Corporation,,,TCU,Philippines,N
TransHolding,Trans,TI,THI,Brazil,Y
TransHolding System,,YO,TYS,Brazil,Y
Transilvania,,,TNS,Romania,Y
Transilvania Express,,,TXE,Romania,N
Translift Airways,,,TLA,Ireland,Y
Transmed Airlines,,,TMD,Egypt,N
TransMeridian Airlines,,T9,TRZ,United States,N
Transmile Air Services,,TH,TSE,Malaysia,N
Transnorthern,,,TNV,United States,N
TransNusa Air,,M8,TNU,Indonesia,Y
Transpac Express,,,TPP,Australia,N
Transpais Aereo,,,TPM,Mexico,N
Transped Aviation,,,TNP,Austria,N
Transport Aerien de Mauritanie,,,TRM,Mauritania,N
Transport Africa,,,TLF,Sierra Leone,N
Transport Aérien Transrégional,TAT,IJ,,France,N
Transport Canada,,,TGO,Canada,N
Transport Facilitators,,,TFI,United States,N
Transport'air,,,TSI,France,N
Transportacion Aerea De Queretaro,,,TQR,Mexico,N
Transportacion Aerea Del Mar De Cortes,,,MCT,Mexico,N
Transportacion Aerea del Norte,,,TPN,Mexico,N
Transportaciones Y Servicios Aereos,,,TTR,Mexico,N
Transporte Aereo Ernesto Saenz,,,TZE,Mexico,N
Transporte Aereo Tecnico Ejecutivo,,,TTS,Mexico,N
Transporte Aero MGM,,,MGM,Mexico,N
Transporte del Caribe,,,TCB,Colombia,N
Transporte Ejecutivo Aereo,,,EAR,Mexico,N
Transportes Aereo del Sureste,,,TPT,Mexico,N
Transportes Aereos Amparo,,,MPO,Mexico,N
Transportes Aereos Bolivianos,,,BOL,Bolivia,N
Transportes Aereos Cielos Andinos,,,NDN,Peru,Y
Transportes Aereos de Ixtlan,,,TDI,Mexico,N
Transportes Aereos De Xalapa,,,TPX,Mexico,N
Transportes Aereos del Mundo Maya,,,TMY,Mexico,N
Transportes Aereos del Pacifico,,,TFO,Mexico,N
Transportes Aereos Don Carlos,,,DCL,Chile,N
Transportes Aereos I.R. Crusoe,,,ROU,Chile,N
Transportes Aereos Inter,,,TSP,Guatemala,N
Transportes Aereos Mexiquenses,,,MXQ,Mexico,N
Transportes Aereos Nacionales De Selva Tans,,,ELV,Peru,N
Transportes Aereos Pegaso,,,TPG,Mexico,N
Transportes Aereos Regionales,,,TGI,Mexico,N
Transportes Aereos San Rafael,,,SRF,Chile,N
Transportes Aereos Sierra,,,RRT,Mexico,N
Transportes Aereos Sierra Madre,,,SEI,Mexico,N
Transportes Aereos Tauro,,,TAU,Mexico,N
Transportes Aéreos Nacionales de Selva,,TJ,,Peru,N
Transportes La Paz,,,TPZ,Mexico,N
Transports et Travaux A,,OF,,,N
TransRussiaAirlines,TransRus,1E,RGG,Russia,Y
Transteco,,,TTC,Angola,N
Transwede Airways,,,TWE,Sweden,N
Transwest Air,,9T,ABS,Canada,Y
Transwestern Airlines of Utah,,,TRW,United States,N
Transwings,,,TSW,Switzerland,N
TrasBrasil,,TB,TBZ,Brazil,Y
TRAST,,,TST,Kazakhstan,N
Trast Aero,,S5,TSJ,Kyrgyzstan,N
Travel Express Aviation Services,,,XAR,Indonesia,N
Travel International Air Charters,,,TIC,Zambia,N
Travel Service,,,TVL,Hungary,N
Travelair,,,TAX,Germany,N
Travelsky Technology,,1E,,China,N
Trener Ltd,,,TNX,Hungary,N
Tri-MG Intra Asia Airlines,,GY,TMG,Indonesia,N
Tri-State Aero,,,TSS,United States,N
Triangle Airline (Uganda),,,TRU,Uganda,N
Trigana Air Service,,,TGN,Indonesia,Y
Trinity Air Bahamas,,,TBH,Bahamas,N
TRIP Linhas A,,8R,TIB,Brazil,Y
Triple Alpha,,,CLU,Germany,N
Triple O Aviation,,,TTP,Nigeria,N
Tristar Air,,,TSY,Egypt,N
Tristar Airlines,,,TRY,United States,N
Triton Airlines,,,DRC,Canada,N
Tropair Airservices,,,TSV,United Kingdom,N
Tropic Air,,PM,TOS,Belize,Y
Tropic Airlines-Air Molokai,,,TRO,United States,N
Tropical Airways,,M7,TBG,Haiti,N
Tropical International Airways,,,TKX,Saint Kitts and Nevis,N
TROPICAL LINHAS AEREAS,TROPICAL,T1,TP3,Brazil,N
Tropican Air Services,,,TCA,Egypt,N
Trygg-Flyg,,,TYG,Sweden,N
TSSKB-Progress,,,PSS,Russia,N
TTA - Sociedade de Transporte e Trabalho Aereo,,,TTA,Mozambique,N
Tubelair,,,TBR,Tunisia,N
TUI Airlines Belgium,now Jetairlfy,TB,TUB,Belgium,N
TUIfly,,X3,HLX,Germany,Y
TUIfly (X3),,11,,Germany,Y
TUIfly Nordic,,6B,BLX,Sweden,Y
Tulip Air,,TD,TLP,Netherland,N
Tulpar Air,,,TUL,Russia,N
Tulpar Air Service,,,TUX,Kazakhstan,N
Tuna Aero,,,TUZ,Sweden,N
Tuninter,,UG,TUI,Tunisia,Y
Tunisair,,TU,TAR,Tunisia,Y
Tunisavia,,,TAJ,Tunisia,N
TUR Avrupa Hava YollarÄ±,TUR European Airways,YI,,Turkey,N
Turan Air,,3T,URN,Azerbaijan,Y
Turbine Air Cargo UK,,,TBC,United Kingdom,N
Turbot Air Cargo,,,TAC,Senegal,N
Turdus Airways,,,TRQ,Netherland,N
Turismo Aereo de Chile,,,TUC,Chile,N
Turk Hava Kurumu Hava Taksi Isletmesi,,,THK,Turkey,Y
Turkish Air Force,,,HVK,Turkey,Y
Turkish Airlines,,TK,THY,Turkey,Y
Turkish Wings Domestic,,,TWD,Turkey,Y
Turkmenistan Airlines,Turkmenhovayollary,T5,TUA,Turkmenistan,Y
Turkuaz Airlines,,,TRK,Turkey,Y
Turtle Airways,,,TLT,Fiji,N
Tusheti,,,USB,Georgia,N
Tway Airlines,,TW,TWB,South Korea,Y
Twente Airlines,,,TWO,Netherlands,N
Twin Cities Air Service,,,TCY,United States,N
Twin Jet,,T7,TJT,France,Y
Twin Town Leasing Company,,,TNY,United States,N
Twinjet Aircraft Sales,,,TWJ,United Kingdom,N
Tyrol Air Ambulance,,,TYW,Austria,N
Tyrolean Airways,,VO,TYR,Austria,Y
Tyrolean Jet Service,,,TJS,Austria,N
Tyumenspecavia,,,TUM,Russia,N
U.S. Air,,-+,--+,United States,Y
U.S. Department of the Interior,,,DOI,United States,N
Ucoaviacion,,,UCO,Spain,N
Ues-Avia Aircompany,,,UES,Ukraine,N
UFS,,,UFS,United States,N
Uganda Air Cargo,,,UCC,Uganda,N
Uganda Airlines,,,UGA,Uganda,N
Uganda Royal Airways,,,RAU,Uganda,N
UK HEMS,,,HLE,United Kingdom,N
UK International Airlines,,,UKI,United Kingdom,N
UK Royal/HRH Duke of York,,,LPD,United Kingdom,N
Ukraine Air Alliance,,,UKL,Ukraine,N
Ukraine Air Enterprise,,,UKN,Ukraine,N
Ukraine Atlantic,,,UAT,Ukraine,Y
Ukraine International Airlines,,PS,AUI,Ukraine,Y
Ukraine Transavia,,,TRB,Ukraine,N
Ukrainian Cargo Airways,,6Z,UKS,Ukraine,N
Ukrainian Helicopters,,,UHL,Ukraine,N
Ukrainian Pilot School,,,UPL,Ukraine,N
Ukrainian State Air Traffic Service Enterprise,,,UTS,Ukraine,N
Ultrair,,,ULT,United States,N
Ulyanovsk Higher Civil Aviation School,,,UHS,Russia,N
UM Airlines,,UF,UKM,Ukraine,Y
Uni Air,,B7,UIA,Taiwan,Y
Uni-Fly,,,UNC,Denmark,N
Unifly Servizi Aerei,,,UNU,Italy,N
Unijet,,,LEA,France,N
Union Africaine des Transports,,,UAI,Ivory Coast,N
Union des Transports Africains de Guinee,,,GIH,Guinea,N
Union Flights,,,UNF,United States,N
United Air Charters,,,UAC,Zimbabwe,Y
United Airlines,,UA,UAL,United States,Y
United Airways,,4H,UBD,Bangladesh,Y
United Arab Emirates Air Force,,,UAF,United Arab Emirates,N
United Arabian Airlines,,,UAB,Sudan,N
United Aviation,,,UVN,Kuwait,N
United Aviation Services,,,SAU,Spain,N
United Carriers Systems,,,UCS,United States,N
United Eagle Airlines,,,UEA,China,N
United Feeder Service,,U2,,United States,N
United Kingdom Civil Aviation Authority,,,EXM,United Kingdom,N
United Kingdom Home Office,,,UKP,United Kingdom,N
United Kingdom Royal VIP Flight,,,KRH,United Kingdom,N
United Kingdom Royal VIP Flights,,,KRF,United Kingdom,N
United Parcel Service,,5X,UPS,United States,N
United States Air Force,,,AIO,United States,Y
United States Coast Guard Auxiliary,,,CGX,United States,N
United States Department Of Agriculture,,,AGR,United States,N
Unitemp-M,,,UMS,Russia,N
Universal Airlines,,,PNA,United States,N
Universal Airways,,,UVA,United States,N
Universal Avia,,,HBU,Ukraine,N
Universal Jet,,,UNJ,Spain,N
Universal Jet Aviation,,,UJT,United States,N
Universal Jet Rental de Mexico,,,UJR,Mexico,N
University Air Squadron,,,UAD,United Kingdom,N
University of Birmingham Air Squadron (RAF),8AEF RAF,,UAY,United Kingdom,Y
University of North Dakota,,,NDU,United States,N
Unsped Paket Servisi,,,UNS,Turkey,N
Uraiavia,,,URV,Russia,N
Ural Airlines,,U6,SVR,Russia,Y
Urartu-Air,,,UTU,Armenia,N
Urgemer Canarias,,,UGC,Spain,N
US Africa Airways,,E8,,United States,N
US Airports Air Charter,,,UCH,United States,N
US Airways,,US,USA,United States,Y
US Army Parachute Team,,,GKA,United States,N
US Check Airlines,,,USC,United States,N
US Express,,,USX,United States,N
US Helicopter,,,USH,United States,Y
US Helicopter Corporation,,UH,,United States,Y
US Jet,,,USJ,United States,N
US Marshals Service,,,MSH,United States,N
US-Bangla Airlines,,,UBG,Bangladesh,Y
USA Jet Airlines,,U7,JUS,United States,N
Usa Sky Cargo,USky,E1,ES2,United States,Y
USA3000 Airlines,,U5,GWY,United States,Y
USAF Air Mobility Operations Control Center,,,DOD,United States,N
USAfrica Airways,,,USF,United States,N
UTAGE,,,UTG,Equatorial Guinea,N
UTair Aviation,,UT,UTA,Russia,Y
Utair South Africa,,,UTR,South Africa,N
UTair-Express,,UR,,Russia,Y
Uvavemex,,,UVM,Mexico,N
UVT Aero,,UW,,Russia,Y
Uzbekistan Airways,,HY,UZB,Uzbekistan,Y
V Air,V Air Taiwan,ZV,VAX,Taiwan,Y
V Australia Airlines,,VA,VAU,Australia,N
V Bird Airlines Netherlands,,,VBA,Netherlands,N
V-avia Airline,,,WIW,Ukraine,N
V-Berd-Avia,,,VBD,Armenia,N
Vacationair,,,VAC,Canada,N
Valair AG (Helicoptere),,,RDW,Switzerland,N
Valan International Cargo Charter,,,VLA,South Africa,N
Valan Limited,,,VLN,Moldova,N
Valfell-Verkflug,,,EHR,Iceland,N
Valuair,,VF,VLU,Singapore,Y
ValueJet,,J7,VJA,United States,N
Van Air Europe,,,VAA,Czech Republic,N
Vanguard Airlines,,,VGD,United States,N
Vanguardia en Aviacion en Colima,,,VGC,Mexico,N
Varig Log,,LC,VLO,Brazil,Y
Vasco Air,,,VFC,Vietnam,Y
VASP,,VP,VSP,Brazil,Y
Vega,,,VAG,Kazakhstan,N
Vega Air Company,,,WGA,Ukraine,N
Vega Airlines,,,VEA,Bulgaria,N
Vega Aviation,,,VIG,Sudan,N
Veles,,,WEL,VELES,N
Venescar Internacional,,,VEC,Venezuela,N
Verataxis,,,VTX,Mexico,N
Veritair Ltd,,,BTP,United Kingdom,N
Vernicos Aviation,,,GRV,Greece,N
Vero Monmouth Airlines,,,VMA,United States,N
Vertair,,,VRA,United Kingdom,N
Vertical-T Air Company,,,VLT,Russia,N
Veteran Air,,,VPB,Ukraine,N
VG Airlines (IV),,,FVG,Belgium,N
VH-Air Industrie,,,VHA,Angola,N
VHM Schul-und-Charterflug,,,VHM,Germany,N
Via Conectia Airlines,Via Conectia,6V,CZV,Uruguay,Y
VIA Líneas Aéreas,VIA,V1,VIA,Argentina,Y
VIA Rail Canada,,2R,,Canada,N
ViaAir,Charter Air Transport,,SRY,United States,Y
Viaggio Air,,VM,VOA,Bulgaria,N
Viajes Ejecutivos Mexicanos,,,VJM,Mexico,N
Viasa,,VA,,Venezuela,N
Vibroair Flugservice,,,VIB,Germany,N
VICA - Viacao Charter Aereos,,,VCA,Brazil,N
Vichi,,,VIH,Moldova,N
Vickers Limited,,,VSB,United Kingdom,N
VickJet,,KT,VKJ,France,Y
Victor Echo,,,VEE,Spain,N
Victor Tagle Larrain,,,VTL,Chile,N
Victoria Aviation,,,ENV,United Kingdom,N
Victoria International Airways,,,WEV,Uganda,N
Vieques Air Link,,,VES,United States,N
VietJet Air,VietJet,,VJC,Vietnam,Y
Vietnam Airlines,,VN,HVN,Vietnam,Y
VIF Luftahrt,,,VIF,Austria,N
Viking Airlines,,,VIK,Sweden,N
Viking Express,,,WCY,United States,N
Viking Hellas,,VQ,VKH,Greece,Y
VIM Airlines,,NN,MOV,Russia,Y
VIM-Aviaservice,,,MVY,Russia,N
Vinair - Helicoptereos,,,VIN,Portugal,N
Vintage Props and Jets,,,VPP,United States,N
VIP Air,,,VPA,Slovakia,N
VIP Air Charter,,,FXF,United States,N
VIP Avia,,,PAV,Kazakhstan,N
VIP Ecuador,,V6,,Ecuador,Y
VIP Empresarial,,,VIE,Mexico,N
VIP Servicios Aereos Ejecutivos,,,VIC,Mexico,N
VIP-Avia,,,VPV,Georgia,N
Vipport Joint Stock Company,,,VNK,Russia,N
Virgin America,,VX,VRD,United States,Y
Virgin Atlantic Airways,,VS,VIR,United Kingdom,Y
Virgin Australia,,VA,VOZ,Australia,Y
Virgin Blue,,DJ,VBI,Australia,N
Virgin Express,,TV,VEX,Belgium,Y
Virgin Express Ireland,,,VEI,Ireland,N
Virgin Nigeria Airways,,VK,VGN,Nigeria,Y
Virgin Pacific,,VH,VNP,Fiji,Y
Virginwings,,YY,VWA,Germany,Y
Virign Islands Seaplane Shuttle,,,VSS,United States,N
Viscount Air Service,,,VCT,United States,N
Visig Operaciones Aereas,,,VSG,Spain,N
Vision Air International,,,VIS,Pakistan,Y
Vision Airlines,,,SSI,Nigeria,N
Vision Airlines (V2),,V2,RBY,United States,Y
Vision Airways Corporation,,,VSN,Canada,N
Visionair,,,VAT,Ireland,N
Vistajet,,,VJT,Canada,N
Viva Macau,,ZG,VVM,Macao,Y
VivaColombia,,5Z,VVC,Colombia,Y
ViznAir,,,VZA,United States,N
Vladivostok Air,,XF,VLK,Russia,Y
VLM Airlines,,VG,VLM,Belgium,Y
Voar Lda,,,VRL,Angola,N
Voestar,Voestar Brasil,8K,K88,Brazil,Y
Vointeh,,,VTV,Bulgaria,N
Volare Air Charter Company,,,VCM,United States,N
Volare Airlines,,VE,VLE,Italy,Y
Volaris,,Y4,VOI,Mexico,Y
Volga Aviaexpress,,,WLG,Russia,N
Volga-Dnepr Airlines,,VI,VDA,Russia,Y
Vologda State Air Enterprise,,,VGV,Russia,N
Volotea,,,VOO,Spain,Y
VOLOTEA Airways,,V7,VOE,Spain,Y
Volotea Costa Rica,Volotea Costa Rica,9V,VC9,Costa Rica,Y
Voronezh Aircraft Manufacturing Society,,,VSO,Russia,N
Voronezhskie Airlanes,,DN,,Russia,N
Vostok Airlines,,,VTK,Russia,N
Voyager Airlines,,,VOG,Bangladesh,N
Voyageur Airways,,VC,VAL,Canada,N
Vozdushnaya Academy,,,KWA,Kazakhstan,N
VRG Linhas Aereas,Varig,RG,VRN,Brazil,Y
Vuela Bus,,,VUS,Mexico,N
Vuela Cuba,Vuela Cuba,6C,6CC,Cuba,Y
Vueling Airlines,,VY,VLG,Spain,Y
Vuelos Corporativos de Tehuacan,,,VTH,Mexico,N
Vuelos Especializados Tollocan,,,VTC,Mexico,N
Vuelos Internos Privados VIP,,,VUR,Ecuador,N
Vuola Italia,Vuola Italia,4S,VI4,Italy,Y
VZ Flights,,,VFT,Mexico,N
Vzlyet,,,VZL,Russia,N
Waddington FTU,,,WAD,United Kingdom,N
Walmart Aviation,,,CGG,United States,N
Walsten Air Services,,,WAS,Canada,N
Walter I Linkoping,,,GOT,Sweden,N
Wapiti Aviation,,,WPT,Canada,N
Warbelow's Air Ventures,,,WAV,United States,N
Warwickshire Aerocentre Ltd.,,,ATX,United Kingdom,N
Wasaya Airways,,,WSG,Canada,N
Wataniya Airways,,,KW1,Kuwait,Y
Wayraper,,7W,,Peru,Y
WDL Aviation,,,WDL,Germany,N
Weasua Air Transport Company,,,WTC,Liberia,N
WebJet Linhas A,,WJ,WEB,Brazil,Y
Welch Aviation,,,TDB,United States,N
Welcome Air,,2W,WLC,Austria,Y
Wermlandsflyg AB,,,BLW,Sweden,N
West Africa Airlines,,,WCB,Ghana,N
West African Air Transport,,,WTF,Senegal,N
West African Airlines,,,WSF,Benin,N
West African Cargo Airlines,,,WAC,Mauritania,N
West Air China,,PN,CHB,China,Y
West Air Luxembourg,,,WLX,Luxembourg,N
West Air Sweden,,PT,SWN,Sweden,N
West Caribbean Airways,,,WCW,Colombia,N
West Caribbean Costa Rica,,,WCR,Costa Rica,N
West Coast Air,,8O,,Canada,Y
West Coast Airlines,,,WCG,Ghana,N
West Coast Airways,,,WCA,Sierra Leone,N
West Freugh DTEO,,,TEE,United Kingdom,N
West Wind Aviation,,,WEW,Canada,N
WestAir,,OE,,United States,N
WestAir Airlines,,OE,,United States,N
Westair Aviation,,,WAA,Namibia,N
Westair Cargo Airlines,,,WSC,Cote d'Ivoire,N
Westair Industries,,,PCM,United States,N
Westcoast Energy,,,BLK,Canada,N
Western Air,,,WST,Bahamas,N
Western Air Couriers,,,NPC,United States,N
Western Air Express,,,WAE,United States,N
Western Airlines,,WA,WAL,United States,Y
Western Arctic Air,,,WAL,Canada,N
Western Aviators,,,WTV,United States,N
Western Express Air Lines,,,WES,Canada,N
Western Pacific Airlines,,,KMR,United States,N
Western Pacific Airservice,,,WPA,Solomon Islands,N
Westfalia Express VA,,,WFX,Germany,Y
Westflight Aviation,,,WSL,United Kingdom,N
Westgates Airlines,,,WSA,United States,N
WestJet,,WS,WJA,Canada,Y
WestJet Encore,Encore,WR,WEN,Canada,Y
Westland Helicopters,,,WHE,United Kingdom,N
Westpoint Air,,,WTP,Canada,N
Westward Airways,,CN,WWD,United States,N
Whitaker Air,,^^,,Australia,Y
White,,,WHT,Portugal,N
White Eagle Aviation,,,WEA,Poland,N
White River Air Services,,,WRA,Canada,N
Whitejets,,,WTJ,Brazil,Y
Whyalla Airlines,,,WWL,Australia,N
Widerøe,,WF,WIF,Norway,Y
Wiggins Airways,,,WIG,United States,N
Wiking Helikopter Service,,,WHS,Germany,N
Wilbur's Flight Operations,,,WFO,United States,N
Wilderness Air,,;;,,Australia,Y
Williams Air,,,WLS,United States,N
Williams Grand Prix Engineering,,,WGP,United Kingdom,N
Wimbi Dira Airways,,,WDA,Democratic Republic of Congo,N
Winair,,,WNA,United States,N
Wind Jet,,IV,JET,Italy,Y
Wind Rose Aviation,,,WRC,Ukraine,Y
Wind Spirit Air,,,WSI,United States,N
Windrose Air,,,QGA,Germany,N
Windward Islands Airways,,WM,,Netherlands Antilles,Y
Windward Islands Airways International,,,WIA,Netherland,N
Wings Air,,IW,WON,Indonesia,Y
Wings Air Transport,,,WAT,Sudan,N
Wings Airways,,,WAW,United States,N
Wings Aviation,,,WOL,Guyana,N
Wings Express,,,WEX,United States,N
Wings of Alaska,,K5,WAK,United States,N
Wings of England,,EX,"..,",United Kingdom,N
Wings of Lebanon Aviation,,,WLB,Lebanon,N
Winlink,,,WIN,Saint Lucia,N
Wisconsin Air National Guard,,,WAG,United States,N
Wisman Aviation,,,WSM,United States,N
Wittering FTU,,,WIT,United Kingdom,N
Wizz Air,,W6,WZZ,Hungary,Y
Wizz Air Hungary,,8Z,WVL,Bulgaria,Y
Wizz Air Ukraine,,WU,WAU,Ukraine,Y
Wondair on Demand Aviation,,,WNR,Spain,N
Woodgate Executive Air Charter,,,CWY,United Kingdom,N
World Airways,,WO,WOA,United States,Y
World Experience Airline,WEA,W1,WE1,Canada,Y
World Scale Airlines,World Scale,W3,WSS,United States,Y
World Weatherwatch,,,XWW,Canada,N
World Wing Aviation,,,WWM,Kyrgyzstan,N
Worldspan,,1P,,United States,N
Worldways,,WG,WGC,Canada,N
Worldwide Air Charter Systems,,,CSW,Canada,N
Worldwide Aviation Services,,,WWS,Pakistan,N
Worldwide Jet Charter,,,WWI,United States,N
WRA Inc,,,WRR,United States,N
Wright Air Lines,,,WRT,United States,N
Wright Air Service,,8V,WRF,United States,N
WSI Corporation,,,XWS,United States,N
Wuhan Airlines,,,CWU,China,N
Wycombe Air Centre,,,WYC,United Kingdom,N
Wyoming Airlines,,,WYG,United States,N
Xabre Aerolineas,,,XAB,Mexico,N
XAIR USA,,XA,XAU,United States,Y
Xclusive Jet Charter Limited,,,XJC,United Kingdom,N
Xerox Corporation,,,XER,United States,N
Xiamen Airlines,,MF,CXA,China,Y
Xinjiang Airlines,,,CXJ,China,N
Xjet Limited,,,XJT,United Kingdom,N
XL Airways France,,SE,SEU,France,Y
XOJET,,,XOJ,United States,Y
XP Internation,,,XPS,Netherlands,N
Xpressair,,XN,,Indonesia,Y
XPTO,XPTO,XP,XPT,Portugal,Y
Xtra Airways,,XP,CXP,United States,N
Yak-Service,,,AKY,Russia,N
Yakolev,,,YAK,Russia,N
Yamal Airlines,,YL,LLM,Russia,Y
Yana Airlines,,,CYG,Cambodia,N
Yangon Airways,,HK,,Burma,Y
Yangon Airways Ltd.,,YH,,Burma,Y
Yangtze River Express,,Y8,YZR,China,N
Yellow Air Taxi,,Y0,,United States,N
Yellow Wings Air Services,,,ELW,Kenya,N
Yellowstone Club Private Shuttle,,Y1,,United States,Y
Yellowtail,,YE,YEL,United States,Y
Yemenia,,IY,IYE,Yemen,Y
Yerevan-Avia,,,ERV,Armenia,N
YES Airways,,,YEP,Poland,Y
Yeti Airlines,,,NYT,Nepal,Y
Yeti Airways,,YT,,Nepal,Y
Young Flying Service,,,YFS,United States,N
Yuhi Air Lines,,,AYU,Japan,N
Yunnan Airlines,,3Q,CYH,China,Y
Yuzhmashavia,,,UMK,Ukraine,Y
Yuzhnaya Aircompany,,,UGN,Kazakhstan,N
Z-Avia,,,RZV,Armenia,N
ZABAIKAL AIRLINES,ZABAIKAL,Z6,ZTT,Russia,Y
Zabaykalskii Airlines,Baikal Airlines,ZP,ZZZ,Russia,Y
Zagros Airlines,,,IZG,Iran,N
Zaire Aero Service,,,ZAI,Democratic Republic of Congo,N
Zairean Airlines,,,ZAR,Democratic Republic of Congo,N
Zambezi Airlines,,,ZMA,Zambia,N
Zambezi Airlines (ZMA),,ZJ,,Zambia,Y
Zambia Skyways,,K8,,Zambia,Y
Zambian Airways,,Q3,MBN,Zambia,N
Zanair,,,TAN,Tanzania,Y
Zantop International Airlines,,,ZAN,United States,N
Zapolyarie Airlines,Zapolyarye Airlines,,PZY,Russia,Y
ZAS Airlines of Egypt,,,ZAS,Egypt,N
Zenith Air,,,AZR,South Africa,N
Zenith International Airline,Zenith,ZN,ZNA,Thailand,Y
Zenmour Airlines,,,EMR,Mauritania,N
Zephyr Express,,,RZR,United States,N
Zest Air,,Z2,,Philippines,Y
Zhejiang Airlines,,,CJG,China,N
Zhetysu,,,JTU,Kazakhstan,N
Zhez Air,,,KZH,Kazakhstan,N
Zhongfei General Aviation,,,CFZ,China,N
Zhongyuan Aviation,,,CYN,China,N
Zimbabwean Airlines,,Z7,,Zimbabwe,N
Zimex Aviation,,C4,IMX,Switzerland,N
Zip,,3J,WZP,Canada,N
Zoom Airlines,,Z4,OOM,Canada,Y
Zoom Airways,,,ZAW,Bangladesh,N
Zorex,,,ORZ,Spain,N
Zracno Pristaniste Mali Losinj,,,MLU,Croatia,N
Zuliana de Aviacion,Zuliana,OD,ULA,Venezuela,N
Zz,,ZZ,,Belgium,Y
Аэросервис,,АЯ,,Russia,Y
Катэкавиа,,,КТК,Russia,Y
Псковавиа,Псков Авиа,,PKV,Russia,Y
